,Team,No,Player,Pos,Ht,Wt,Birth_Date,Exp,College,ht_in,Age,G,GS,MP,FG,FGA,FG_PCT,FG3,FG3A,FG3_PCT,FG2,FG2A,FG2_PCT,EFG_PCT,FT,FTA,FT_PCT,ORB,DRB,TRB,AST,STL,BLK,TOV,PF,PTS
0,LAL,28,Tarik Black,C,6-9,257,"November 22, 1991",R,University of Kansas,81,23,38,27,803,112,190,.589,0,0,,112,190,.589,.589,50,89,.562,84,157,241,34,13,22,29,102,274
1,LAL,12,Vander Blue,SG,6-4,200,"July 17, 1992",1,Marquette University,76,22,2,1,74,9,30,.300,2,10,.200,7,20,.350,.333,2,5,.400,2,7,9,8,3,0,6,4,22
2,LAL,5,Carlos Boozer,PF,6-9,258,"November 20, 1981",12,Duke University,81,33,71,26,1692,371,743,.499,0,0,,371,743,.499,.499,94,150,.627,111,371,482,95,41,12,92,184,836
3,LAL,15,Jabari Brown,SG,6-6,214,"December 18, 1992",R,University of Missouri,78,22,19,5,568,70,170,.412,23,62,.371,47,108,.435,.479,64,85,.753,3,33,36,40,12,2,32,33,227
4,LAL,24,Kobe Bryant,SG,6-6,200,"August 23, 1978",18,,78,36,35,35,1207,266,713,.373,54,184,.293,212,529,.401,.411,196,241,.813,26,173,199,197,47,7,128,65,782
5,LAL,20,Dwight Buycks,PG,6-3,190,"March 6, 1989",1,Marquette University,75,25,6,0,123,18,40,.450,7,11,.636,11,29,.379,.538,9,10,.900,2,10,12,14,3,0,12,3,52
6,LAL,6,Jordan Clarkson,PG,6-5,193,"June 7, 1992",R,University of Missouri,77,22,59,38,1476,267,596,.448,38,121,.314,229,475,.482,.480,131,158,.829,56,135,191,206,51,12,96,109,703
7,LAL,21,Ed Davis,PF,6-10,225,"June 5, 1989",4,University of North Carolina,82,25,79,24,1840,282,469,.601,0,0,,282,469,.601,.601,92,189,.487,230,370,600,94,49,98,58,202,656
8,LAL,2,Wayne Ellington,SG,6-4,200,"October 29, 1987",5,University of North Carolina,76,27,65,36,1675,254,617,.412,90,243,.370,164,374,.439,.485,52,64,.813,31,179,210,105,33,2,50,77,650
9,LAL,7,Xavier Henry,SF,6-6,220,"March 15, 1991",4,University of Kansas,78,23,9,0,86,3,13,.231,0,0,,3,13,.231,.231,14,24,.583,2,2,4,3,3,0,3,6,20
10,LAL,27,Jordan Hill,C,6-10,235,"July 27, 1987",5,University of Arizona,82,27,70,57,1874,357,777,.459,3,11,.273,354,766,.462,.461,124,168,.738,174,382,556,103,34,52,106,164,841
11,LAL,11,Wesley Johnson,SF,6-7,205,"July 11, 1987",4,Syracuse University,79,27,76,59,2245,286,691,.414,91,259,.351,195,432,.451,.480,90,112,.804,67,252,319,124,59,45,87,162,753
12,LAL,4,Ryan Kelly,PF,6-11,230,"April 9, 1991",1,Duke University,83,23,52,34,1233,104,309,.337,45,134,.336,59,175,.337,.409,79,95,.832,13,133,146,92,30,24,37,118,332
13,LAL,17,Jeremy Lin,PG,6-3,200,"August 23, 1988",4,Harvard University,75,26,74,30,1907,277,654,.424,65,176,.369,212,478,.444,.473,213,268,.795,26,170,196,339,82,32,166,189,832
14,LAL,9,Ronnie Price,PG,6-2,190,"June 21, 1983",9,Utah Valley State College,74,31,43,20,982,77,223,.345,31,109,.284,46,114,.404,.415,36,45,.800,19,50,69,165,67,4,52,118,221
15,LAL,30,Julius Randle,PF,6-9,250,"November 29, 1994",R,University of Kentucky,81,20,1,0,14,1,3,.333,0,0,,1,3,.333,.333,0,2,.000,0,0,0,0,0,0,1,1,2
16,LAL,50,Robert Sacre,C,7-0,263,"June 6, 1989",2,Gonzaga University,84,25,67,18,1133,126,306,.412,0,1,.000,126,305,.413,.412,55,82,.671,89,144,233,55,28,43,36,121,307
17,LAL,0,Nick Young,SG,6-6,200,"June 1, 1985",7,University of Southern California,78,29,42,0,1000,174,476,.366,83,225,.369,91,251,.363,.453,132,148,.892,17,79,96,41,23,11,44,83,563
18,CHI,41,Cameron Bairstow,PF,6-9,250,"December 7, 1990",R,University of New Mexico,81,24,18,1,64,3,14,.214,0,0,,3,14,.214,.214,4,5,.800,6,2,8,1,2,1,3,8,10
19,CHI,0,Aaron Brooks,PG,6-0,161,"January 14, 1985",6,University of Oregon,72,30,82,21,1885,344,817,.421,121,313,.387,223,504,.442,.495,145,174,.833,32,134,166,261,54,15,157,189,954
20,CHI,21,Jimmy Butler,SG,6-7,220,"September 14, 1989",3,Marquette University,79,25,65,65,2513,421,912,.462,73,193,.378,348,719,.484,.502,386,463,.834,114,265,379,212,114,36,93,108,1301
21,CHI,34,Mike Dunleavy,SF,6-9,220,"September 15, 1980",12,Duke University,81,34,63,63,1838,209,481,.435,107,263,.407,102,218,.468,.546,70,87,.805,28,220,248,114,39,21,60,123,595
22,CHI,16,Pau Gasol,PF,7-0,227,"July 6, 1980",13,,84,34,78,78,2681,570,1153,.494,12,26,.462,558,1127,.495,.500,294,366,.803,220,699,919,210,25,147,158,147,1446
23,CHI,22,Taj Gibson,PF,6-9,225,"June 24, 1985",5,University of Southern California,81,29,62,17,1692,254,506,.502,0,0,,254,506,.502,.502,132,184,.717,162,234,396,71,36,75,77,162,640
24,CHI,12,Kirk Hinrich,SG,6-3,190,"January 2, 1981",11,University of Kansas,75,34,66,22,1610,142,381,.373,58,168,.345,84,213,.394,.449,35,50,.700,20,101,121,148,46,14,73,144,377
25,CHI,3,Doug McDermott,SF,6-8,225,"January 3, 1992",R,Creighton University,80,23,36,0,321,43,107,.402,13,41,.317,30,66,.455,.463,10,15,.667,6,37,43,6,4,1,17,29,109
26,CHI,44,Nikola Mirotic,PF,6-10,220,"February 11, 1991",R,,82,23,82,3,1654,253,624,.405,99,313,.316,154,311,.495,.485,228,284,.803,63,341,404,97,54,54,89,172,833
27,CHI,48,Nazr Mohammed,C,6-10,221,"September 5, 1977",16,University of Kentucky,82,37,23,0,128,13,30,.433,0,0,,13,30,.433,.433,1,3,.333,11,27,38,3,4,5,7,16,27
28,CHI,55,E'Twaun Moore,SG,6-4,191,"February 28, 1989",3,Purdue University,76,25,56,0,504,62,139,.446,13,38,.342,49,101,.485,.493,12,20,.600,12,34,46,33,20,6,14,45,149
29,CHI,13,Joakim Noah,C,6-11,232,"February 25, 1985",7,University of Florida,83,29,67,67,2049,190,427,.445,0,2,.000,190,425,.447,.445,105,174,.603,219,427,646,312,48,74,123,203,485
30,CHI,1,Derrick Rose,PG,6-3,190,"October 4, 1988",5,University of Memphis,75,26,51,51,1530,338,835,.405,76,271,.280,262,564,.465,.450,152,187,.813,35,126,161,251,36,16,161,63,904
31,CHI,20,Tony Snell,SF,6-7,200,"November 10, 1991",1,University of New Mexico,79,23,72,22,1412,159,371,.429,73,197,.371,86,174,.494,.527,44,55,.800,31,145,176,62,32,11,48,86,435
32,SAS,1,Kyle Anderson,SF,6-9,230,"September 20, 1993",R,"University of California, Los Angeles",81,21,33,8,358,31,89,.348,3,11,.273,28,78,.359,.365,9,14,.643,5,67,72,28,15,7,10,28,74
33,SAS,11,Jeff Ayres,PF,6-9,240,"April 29, 1987",4,Arizona State University,81,27,51,0,383,55,95,.579,0,0,,55,95,.579,.579,27,36,.750,37,80,117,14,8,8,26,60,137
34,SAS,16,Aron Baynes,C,6-10,260,"December 9, 1986",2,Washington State University,82,28,70,17,1122,185,327,.566,1,4,.250,184,323,.570,.567,90,104,.865,109,209,318,35,16,22,65,162,461
35,SAS,3,Marco Belinelli,SG,6-5,192,"March 25, 1986",7,,77,28,62,9,1388,199,470,.423,86,230,.374,113,240,.471,.515,84,99,.848,26,131,157,94,31,3,61,85,568
36,SAS,15,Matt Bonner,PF,6-10,240,"April 5, 1980",10,University of Florida,82,34,72,19,935,94,230,.409,46,126,.365,48,104,.462,.509,30,37,.811,29,86,115,47,10,12,11,65,264
37,SAS,23,Austin Daye,SF,6-11,200,"June 5, 1988",5,Gonzaga University,83,26,26,4,268,40,115,.348,19,57,.333,21,58,.362,.430,4,4,1.000,6,55,61,9,8,3,18,30,103
38,SAS,33,Boris Diaw,PF,6-8,215,"April 16, 1982",11,,80,32,81,15,1984,291,632,.460,54,169,.320,237,463,.512,.503,72,93,.774,78,270,348,233,36,23,126,148,708
39,SAS,21,Tim Duncan,PF,6-11,248,"April 25, 1976",17,Wake Forest University,83,38,77,77,2227,419,819,.512,2,7,.286,417,812,.514,.513,230,311,.740,170,534,704,230,63,151,131,165,1070
40,SAS,20,Manu Ginobili,SG,6-6,210,"July 28, 1977",12,,78,37,70,0,1587,251,589,.426,89,258,.345,162,331,.489,.502,147,204,.721,28,183,211,293,67,20,154,138,738
41,SAS,14,Danny Green,SG,6-6,210,"June 22, 1987",5,University of North Carolina,78,27,81,80,2312,322,738,.436,191,457,.418,131,281,.466,.566,111,127,.874,54,289,343,158,101,87,93,163,946
42,SAS,41,JaMychal Green,PF,6-8,228,"June 21, 1990",R,University of Alabama,80,24,4,0,25,4,7,.571,0,2,.000,4,5,.800,.571,0,0,,3,3,6,0,0,2,2,6,8
43,SAS,5,Cory Joseph,PG,6-3,185,"August 20, 1991",3,University of Texas at Austin,75,23,79,14,1444,207,411,.504,16,44,.364,191,367,.520,.523,105,143,.734,44,148,192,188,46,17,67,105,535
44,SAS,2,Kawhi Leonard,SF,6-7,225,"June 29, 1991",3,San Diego State University,79,23,64,64,2033,394,822,.479,67,192,.349,327,630,.519,.520,202,252,.802,85,376,461,161,148,48,97,128,1057
45,SAS,8,Patrick Mills,PG,6-0,185,"August 11, 1988",5,Saint Mary's College of California,72,26,51,0,801,128,336,.381,62,182,.341,66,154,.429,.473,33,40,.825,21,54,75,87,28,2,35,58,351
46,SAS,9,Tony Parker,PG,6-2,180,"May 17, 1982",13,,74,32,68,68,1953,404,832,.486,38,89,.427,366,743,.493,.508,130,166,.783,15,114,129,335,44,2,146,108,976
47,SAS,22,Tiago Splitter,C,6-11,232,"January 1, 1985",4,,83,30,52,35,1030,169,303,.558,0,0,,169,303,.558,.558,90,120,.750,91,161,252,78,35,37,60,103,428
48,SAS,55,Reggie Williams,SF,6-6,210,"September 14, 1986",5,Virginia Military Institute,78,28,20,0,105,15,39,.385,3,19,.158,12,20,.600,.423,4,4,1.000,5,12,17,10,1,0,2,12,37
49,HOU,1,Trevor Ariza,SF,6-8,200,"June 30, 1985",10,"University of California, Los Angeles",80,29,82,82,2930,366,910,.402,194,555,.350,172,355,.485,.509,122,143,.853,77,382,459,209,152,17,141,186,1048
50,HOU,2,Patrick Beverley,PG,6-1,180,"July 12, 1988",2,University of Arkansas,73,26,56,55,1727,204,532,.383,115,323,.356,89,209,.426,.492,45,60,.750,67,170,237,192,59,23,83,182,568
51,HOU,10,Tarik Black,C,6-9,257,"November 22, 1991",R,University of Kansas,81,23,25,12,393,45,83,.542,0,1,.000,45,82,.549,.542,15,29,.517,58,69,127,8,6,2,19,56,105
52,HOU,33,Corey Brewer,SF,6-9,185,"March 5, 1986",7,University of Florida,81,28,56,1,1407,249,580,.429,55,194,.284,194,386,.503,.477,113,148,.764,48,155,203,95,60,15,81,111,666
53,HOU,0,Isaiah Canaan,PG,6-0,188,"May 21, 1991",1,Murray State University,72,23,25,9,369,53,131,.405,32,84,.381,21,47,.447,.527,16,21,.762,11,22,33,29,14,0,23,28,154
54,HOU,15,Clint Capela,C,6-10,245,"May 18, 1994",R,,82,20,12,0,90,14,29,.483,0,0,,14,29,.483,.483,4,23,.174,10,26,36,2,1,9,5,14,32
55,HOU,30,Troy Daniels,SG,6-4,200,"July 15, 1991",1,Virginia Commonwealth University,76,23,17,0,108,15,47,.319,13,43,.302,2,4,.500,.457,3,4,.750,0,6,6,4,0,0,5,14,46
56,HOU,8,Joey Dorsey,PF,6-8,268,"December 16, 1983",3,University of Memphis,80,31,69,17,854,80,145,.552,0,1,.000,80,144,.556,.552,24,83,.289,103,176,279,25,40,25,41,157,184
57,HOU,32,Francisco Garcia,SF,6-7,195,"December 31, 1981",9,University of Louisville,79,33,14,0,200,17,63,.270,10,45,.222,7,18,.389,.349,1,4,.250,3,14,17,15,9,5,10,20,45
58,HOU,13,James Harden,SG,6-5,220,"August 26, 1989",5,Arizona State University,77,25,81,81,2981,647,1470,.440,208,555,.375,439,915,.480,.511,715,824,.868,75,384,459,565,154,60,321,208,2217
59,HOU,12,Dwight Howard,C,6-11,240,"December 8, 1985",10,,83,29,41,41,1223,251,423,.593,1,2,.500,250,421,.594,.595,143,271,.528,110,321,431,50,28,53,115,137,646
60,HOU,3,Nick Johnson,SG,6-3,200,"December 22, 1992",R,University of Arizona,75,22,28,0,262,26,75,.347,5,21,.238,21,54,.389,.380,17,25,.680,13,26,39,11,7,3,19,34,74
61,HOU,6,Terrence Jones,PF,6-9,252,"January 9, 1992",2,University of Kentucky,81,23,33,24,889,158,299,.528,13,37,.351,145,262,.553,.550,57,94,.606,78,142,220,36,18,59,37,78,386
62,HOU,32,K.J. McDaniels,SG,6-6,200,"February 9, 1993",R,Clemson University,78,21,10,0,33,5,15,.333,0,3,.000,5,12,.417,.333,1,2,.500,1,4,5,2,0,2,1,5,11
63,HOU,20,Donatas Motiejunas,PF,7-0,222,"September 20, 1990",2,,84,24,71,62,2037,353,700,.504,49,133,.368,304,567,.536,.539,100,166,.602,137,284,421,130,56,34,123,203,855
64,HOU,16,Kostas Papanikolaou,SF,6-8,225,"July 31, 1990",R,,80,24,43,1,795,69,197,.350,31,106,.292,38,91,.418,.429,13,18,.722,39,79,118,85,29,13,55,71,182
65,HOU,9,Pablo Prigioni,PG,6-3,180,"May 17, 1977",2,,75,37,24,0,402,23,67,.343,14,51,.275,9,16,.563,.448,13,15,.867,12,27,39,67,27,0,15,35,73
66,HOU,88,Alexey Shved,SG,6-6,190,"December 16, 1988",2,,78,26,9,0,59,8,24,.333,4,12,.333,4,12,.333,.417,9,11,.818,1,3,4,3,1,0,5,2,29
67,HOU,5,Josh Smith,PF,6-9,225,"December 5, 1985",10,,81,29,55,7,1404,261,596,.438,63,191,.330,198,405,.489,.491,75,144,.521,100,228,328,145,50,68,134,146,660
68,HOU,31,Jason Terry,SG,6-2,176,"September 15, 1977",15,University of Arizona,74,37,77,18,1641,188,446,.422,126,323,.390,62,123,.504,.563,39,48,.813,15,106,121,147,66,19,74,116,541
69,DET,50,Joel Anthony,C,6-9,245,"August 9, 1982",7,"University of Nevada, Las Vegas",81,32,49,0,406,36,62,.581,0,0,,36,62,.581,.581,15,22,.682,32,61,93,5,12,49,12,55,87
70,DET,14,D.J. Augustin,PG,6-0,180,"November 10, 1987",6,University of Texas at Austin,72,27,54,13,1287,189,461,.410,49,150,.327,140,311,.450,.463,147,169,.870,13,87,100,265,33,2,110,61,574
71,DET,31,Caron Butler,SF,6-7,217,"March 13, 1980",12,University of Connecticut,79,34,78,21,1623,161,396,.407,83,219,.379,78,177,.441,.511,55,61,.902,21,175,196,79,43,4,49,120,460
72,DET,5,Kentavious Caldwell-Pope,SG,6-5,205,"February 18, 1993",1,University of Georgia,77,21,82,82,2587,390,972,.401,153,444,.345,237,528,.449,.480,110,158,.696,46,209,255,109,93,18,94,161,1043
73,DET,13,Luigi Datome,SF,6-8,215,"November 27, 1987",1,,80,27,3,0,17,5,12,.417,1,4,.250,4,8,.500,.458,0,0,,1,3,4,2,1,0,2,1,11
74,DET,8,Spencer Dinwiddie,PG,6-6,200,"April 6, 1993",R,University of Colorado,78,21,34,1,455,51,169,.302,12,65,.185,39,104,.375,.337,31,34,.912,4,44,48,104,19,6,33,53,145
75,DET,0,Andre Drummond,C,6-10,270,"August 10, 1993",2,University of Connecticut,82,21,82,82,2502,494,961,.514,0,2,.000,494,959,.515,.514,142,365,.389,437,667,1104,55,73,153,120,285,1130
76,DET,1,Reggie Jackson,PG,6-3,208,"April 16, 1990",3,Boston College,75,24,27,27,870,183,420,.436,28,83,.337,155,337,.460,.469,82,103,.796,28,98,126,248,20,4,95,73,476
77,DET,7,Brandon Jennings,PG,6-1,169,"September 23, 1989",5,,73,25,41,41,1173,218,543,.401,76,211,.360,142,332,.428,.471,120,143,.839,21,83,104,272,44,4,90,64,632
78,DET,33,Jonas Jerebko,PF,6-10,231,"March 2, 1987",4,,82,27,46,0,703,91,198,.460,28,76,.368,63,122,.516,.530,31,36,.861,47,95,142,41,27,11,26,77,241
79,DET,9,John Lucas III,PG,5-11,165,"November 21, 1982",6,Oklahoma State University,71,32,21,0,272,42,104,.404,9,29,.310,33,75,.440,.447,5,5,1.000,4,12,16,60,8,0,16,18,98
80,DET,35,Cartier Martin,SF,6-7,220,"November 20, 1984",6,Kansas State University,79,30,23,0,198,15,53,.283,6,33,.182,9,20,.450,.340,0,0,,0,20,20,11,3,1,5,20,36
81,DET,20,Jodie Meeks,SG,6-4,208,"August 21, 1987",5,University of Kentucky,76,27,60,0,1462,222,534,.416,74,212,.349,148,322,.460,.485,145,160,.906,12,92,104,79,59,6,57,76,663
82,DET,20,Quincy Miller,PF,6-9,210,"November 18, 1992",2,Baylor University,81,22,4,0,58,5,20,.250,2,11,.182,3,9,.333,.300,0,0,,2,6,8,5,1,2,2,5,12
83,DET,10,Greg Monroe,PF,6-11,253,"June 4, 1990",4,Georgetown University,83,24,69,57,2137,423,853,.496,0,0,,423,853,.496,.496,252,336,.750,229,475,704,142,78,34,149,148,1098
84,DET,22,Tayshaun Prince,SF,6-9,215,"February 28, 1980",12,University of Kentucky,81,34,23,7,571,69,160,.431,11,26,.423,58,134,.433,.466,19,29,.655,25,72,97,38,15,8,16,26,168
85,DET,25,Kyle Singler,SF,6-8,230,"May 4, 1988",2,Duke University,80,26,54,40,1287,140,350,.400,76,187,.406,64,163,.393,.509,29,36,.806,23,116,139,67,33,14,42,98,385
86,DET,6,Josh Smith,PF,6-9,225,"December 5, 1985",10,,81,29,28,28,896,153,391,.391,9,37,.243,144,354,.407,.403,52,111,.468,52,150,202,132,37,48,72,82,367
87,DET,43,Anthony Tolliver,PF,6-8,240,"June 1, 1985",6,Creighton University,80,29,52,11,1160,135,319,.423,82,228,.360,53,91,.582,.552,50,63,.794,45,147,192,49,20,15,40,117,402
88,DET,3,Shawne Williams,SF,6-9,225,"February 16, 1986",6,University of Memphis,81,28,19,0,163,19,60,.317,4,26,.154,15,34,.441,.350,7,7,1.000,9,18,27,8,4,4,7,19,49
89,BOS,30,Brandon Bass,PF,6-8,240,"April 30, 1985",9,Louisiana State University,80,29,82,43,1929,344,683,.504,9,32,.281,335,651,.515,.510,169,214,.790,139,259,398,104,41,32,83,140,866
90,BOS,0,Avery Bradley,SG,6-2,180,"November 26, 1990",4,University of Texas at Austin,74,24,77,77,2428,434,1012,.429,124,352,.352,310,660,.470,.490,79,100,.790,46,195,241,135,82,15,109,177,1071
91,BOS,99,Jae Crowder,SF,6-7,240,"July 6, 1990",2,Marquette University,79,24,57,17,1382,196,469,.418,48,170,.282,148,299,.495,.469,99,130,.762,60,204,264,82,57,20,39,111,539
92,BOS,70,Luigi Datome,SF,6-8,215,"November 27, 1987",1,,80,27,18,1,192,38,77,.494,17,36,.472,21,41,.512,.604,1,1,1.000,2,23,25,7,1,7,7,14,94
93,BOS,8,Jeff Green,SF,6-9,235,"August 28, 1986",6,Georgetown University,81,28,33,33,1093,206,475,.434,47,154,.305,159,321,.495,.483,121,144,.840,21,120,141,53,27,13,56,66,580
94,BOS,8,Jonas Jerebko,PF,6-10,231,"March 2, 1987",4,,82,27,29,0,527,78,181,.431,26,64,.406,52,117,.444,.503,25,30,.833,46,94,140,30,19,7,18,58,207
95,BOS,28,Jameer Nelson,PG,6-0,190,"February 9, 1982",10,Saint Joseph's University,72,32,6,1,121,9,41,.220,5,25,.200,4,16,.250,.280,6,9,.667,3,14,17,33,7,0,9,13,29
96,BOS,41,Kelly Olynyk,C,7-0,238,"April 19, 1991",1,Gonzaga University,84,23,64,13,1423,251,528,.475,61,175,.349,190,353,.538,.533,93,136,.684,92,211,303,109,64,39,98,213,656
97,BOS,12,Dwight Powell,PF,6-11,240,"July 20, 1991",R,Stanford University,83,23,5,0,9,4,5,.800,0,0,,4,5,.800,.800,1,2,.500,0,1,1,0,2,0,2,1,9
98,BOS,26,Phil Pressey,PG,5-11,175,"February 17, 1991",1,University of Missouri,71,23,50,0,600,64,174,.368,16,65,.246,48,109,.440,.414,33,49,.673,13,67,80,117,30,6,41,54,177
99,BOS,12,Tayshaun Prince,SF,6-9,215,"February 28, 1980",12,University of Kentucky,81,34,9,0,198,33,59,.559,5,8,.625,28,51,.549,.602,5,6,.833,6,24,30,18,5,2,4,7,76
100,BOS,42,Shavlik Randolph,PF,6-10,240,"November 24, 1983",7,Duke University,82,31,5,0,25,3,10,.300,0,1,.000,3,9,.333,.300,1,2,.500,4,8,12,1,1,1,1,3,7
101,BOS,9,Rajon Rondo,PG,6-1,171,"February 22, 1986",8,University of Kentucky,73,28,22,22,699,81,200,.405,8,32,.250,73,168,.435,.425,12,36,.333,25,140,165,237,37,3,75,42,182
102,BOS,36,Marcus Smart,PG,6-4,220,"March 6, 1994",R,Oklahoma State University,76,20,67,38,1808,175,477,.367,91,272,.335,84,205,.410,.462,82,127,.646,61,161,222,208,99,18,90,176,523
103,BOS,7,Jared Sullinger,PF,6-9,280,"March 4, 1992",2,Ohio State University,81,22,58,49,1566,311,708,.439,52,184,.283,259,524,.494,.476,96,129,.744,147,294,441,134,44,42,78,153,770
104,BOS,4,Isaiah Thomas,PG,5-9,185,"February 7, 1989",3,University of Washington,69,25,21,0,545,117,285,.411,48,139,.345,69,146,.473,.495,118,137,.861,7,37,44,113,12,0,54,45,400
105,BOS,4,Marcus Thornton,SG,6-4,205,"June 5, 1987",5,Louisiana State University,76,27,39,0,640,127,305,.416,52,124,.419,75,181,.414,.502,42,51,.824,19,54,73,34,21,7,22,35,348
106,BOS,11,Evan Turner,SG,6-7,205,"October 27, 1988",4,Ohio State University,79,26,82,57,2260,320,746,.429,33,119,.277,287,627,.458,.451,106,141,.752,40,377,417,449,83,19,198,180,779
107,BOS,45,Gerald Wallace,SF,6-7,215,"July 23, 1982",13,University of Alabama,79,32,32,0,286,14,34,.412,1,3,.333,13,31,.419,.426,6,15,.400,17,40,57,11,15,4,18,19,35
108,BOS,12,Brandan Wright,PF,6-9,205,"October 5, 1987",6,University of North Carolina,81,27,8,0,86,12,21,.571,0,0,,12,21,.571,.571,2,4,.500,7,10,17,8,1,5,5,4,26
109,BOS,13,James Young,SG,6-6,215,"August 16, 1995",R,University of Kentucky,78,19,31,0,332,36,102,.353,17,66,.258,19,36,.528,.436,16,29,.552,9,33,42,13,8,2,5,22,105
110,BOS,44,Tyler Zeller,C,7-0,250,"January 17, 1990",2,University of North Carolina,84,25,82,59,1731,340,619,.549,0,0,,340,619,.549,.549,153,186,.823,146,319,465,113,18,52,76,205,833
111,MIA,11,Chris Andersen,C,6-10,230,"July 7, 1978",12,Blinn College,82,36,60,20,1132,120,207,.580,4,13,.308,116,194,.598,.589,76,114,.667,76,223,299,43,26,61,40,88,320
112,MIA,30,Michael Beasley,SF,6-9,235,"January 9, 1989",6,Kansas State University,81,26,24,1,505,92,212,.434,8,34,.235,84,178,.472,.453,20,26,.769,12,77,89,32,15,13,37,66,212
113,MIA,1,Chris Bosh,C,6-11,235,"March 24, 1984",11,Georgia Institute of Technology,83,30,44,44,1556,343,745,.460,63,168,.375,280,577,.485,.503,179,232,.772,46,264,310,95,41,25,95,69,928
114,MIA,26,Shannon Brown,SG,6-4,205,"November 29, 1985",8,Michigan State University,76,29,5,2,89,7,19,.368,3,7,.429,4,12,.333,.447,3,4,.750,0,1,1,3,4,0,4,8,20
115,MIA,15,Mario Chalmers,PG,6-1,190,"May 19, 1986",6,University of Kansas,73,28,80,37,2368,267,663,.403,73,248,.294,194,415,.467,.458,206,266,.774,24,182,206,307,122,10,173,251,813
116,MIA,30,Norris Cole,PG,6-2,170,"October 13, 1988",3,Cleveland State University,74,26,47,23,1148,118,306,.386,27,102,.265,91,204,.446,.430,32,46,.696,12,96,108,165,42,8,58,75,295
117,MIA,24,Andre Dawkins,SG,6-5,215,"September 19, 1991",R,Duke University,77,23,4,0,22,1,6,.167,1,6,.167,0,0,,.250,0,0,,0,2,2,1,0,0,1,3,3
118,MIA,9,Luol Deng,SF,6-9,220,"April 16, 1985",10,Duke University,81,29,72,72,2421,369,787,.469,78,220,.355,291,567,.513,.518,191,251,.761,103,273,376,139,65,22,108,109,1007
119,MIA,7,Goran Dragic,PG,6-3,190,"May 6, 1986",6,,75,28,26,26,905,162,323,.502,24,73,.329,138,250,.552,.539,84,104,.808,30,59,89,139,28,6,59,75,432
120,MIA,12,Zoran Dragic,SG,6-5,200,"June 22, 1989",R,,77,25,10,1,62,9,22,.409,3,9,.333,6,13,.462,.477,1,2,.500,3,2,5,4,2,0,5,5,22
121,MIA,32,James Ennis,SF,6-7,210,"July 1, 1990",R,"California State University, Long Beach",79,24,62,3,1051,101,247,.409,31,95,.326,70,152,.461,.472,79,94,.840,51,125,176,48,25,17,39,89,312
122,MIA,22,Danny Granger,SF,6-9,222,"April 20, 1983",9,University of New Mexico,81,31,30,6,613,65,162,.401,30,84,.357,35,78,.449,.494,28,37,.757,20,60,80,17,13,6,24,67,188
123,MIA,7,Justin Hamilton,C,7-0,260,"April 1, 1990",1,Louisiana State University,84,24,24,5,289,27,65,.415,6,19,.316,21,46,.457,.462,6,7,.857,24,24,48,12,8,5,8,33,66
124,MIA,40,Udonis Haslem,PF,6-8,230,"June 9, 1980",11,University of Florida,80,34,62,25,995,107,239,.448,2,10,.200,105,229,.459,.452,45,64,.703,71,187,258,46,21,13,41,113,261
125,MIA,8,Tyler Johnson,SG,6-4,186,"May 7, 1992",R,"California State University, Fresno",76,22,32,2,603,70,167,.419,18,48,.375,52,119,.437,.473,32,47,.681,14,67,81,42,33,9,30,42,190
126,MIA,4,Josh McRoberts,PF,6-10,240,"February 28, 1987",7,Duke University,82,27,17,4,296,28,53,.528,8,19,.421,20,34,.588,.604,8,13,.615,7,38,45,33,12,3,22,41,72
127,MIA,13,Shabazz Napier,PG,6-1,180,"July 14, 1991",R,University of Connecticut,73,23,51,10,1012,87,228,.382,43,118,.364,44,110,.400,.476,44,56,.786,17,96,113,130,40,4,81,76,261
128,MIA,3,Dwyane Wade,SG,6-4,212,"January 17, 1982",11,Marquette University,76,33,62,62,1971,509,1084,.470,29,102,.284,480,982,.489,.483,284,370,.768,58,161,219,299,73,21,209,105,1331
129,MIA,5,Henry Walker,SF,6-6,220,"October 9, 1987",4,Kansas State University,78,27,24,13,628,58,168,.345,45,132,.341,13,36,.361,.479,14,18,.778,7,75,82,29,24,9,24,76,175
130,MIA,21,Hassan Whiteside,C,7-0,235,"June 13, 1989",2,Marshall University,84,25,48,32,1142,243,387,.628,0,0,,243,387,.628,.628,78,156,.500,145,337,482,6,27,123,58,129,564
131,MIA,43,Shawne Williams,SF,6-9,225,"February 16, 1986",6,University of Memphis,81,28,44,22,924,102,240,.425,60,152,.395,42,88,.477,.550,28,33,.848,27,112,139,36,21,17,23,116,292
132,ORL,3,Dewayne Dedmon,C,7-0,255,"August 12, 1989",1,University of Southern California,84,25,59,15,845,91,162,.562,0,1,.000,91,161,.565,.562,34,64,.531,118,177,295,9,16,50,51,141,216
133,ORL,10,Evan Fournier,SG,6-7,205,"October 29, 1992",2,,79,22,58,32,1661,253,575,.440,85,225,.378,168,350,.480,.514,107,147,.728,28,125,153,120,40,2,82,116,698
134,ORL,8,Channing Frye,PF,6-11,248,"May 17, 1983",8,University of Arizona,83,31,75,51,1870,191,487,.392,136,346,.393,55,141,.390,.532,31,35,.886,27,266,293,94,47,39,78,191,549
135,ORL,00,Aaron Gordon,PF,6-9,225,"September 16, 1995",R,University of Arizona,81,19,47,8,797,93,208,.447,13,48,.271,80,160,.500,.478,44,61,.721,46,123,169,33,21,22,38,83,243
136,ORL,7,Ben Gordon,SG,6-3,200,"April 4, 1983",10,University of Connecticut,75,31,56,0,790,129,295,.437,35,97,.361,94,198,.475,.497,56,67,.836,6,57,63,50,14,1,55,60,349
137,ORL,34,Willie Green,SG,6-4,200,"July 28, 1981",11,University of Detroit Mercy,76,33,52,2,951,118,306,.386,42,121,.347,76,185,.411,.454,28,34,.824,14,65,79,68,26,5,48,81,306
138,ORL,21,Maurice Harkless,SF,6-8,208,"May 11, 1993",2,St. John's University,80,21,45,4,674,63,158,.399,10,56,.179,53,102,.520,.430,22,41,.537,38,68,106,25,32,9,27,66,158
139,ORL,12,Tobias Harris,SF,6-8,226,"July 15, 1992",3,University of Tennessee,80,22,68,63,2369,442,949,.466,87,239,.364,355,710,.500,.512,193,245,.788,73,357,430,124,69,36,115,134,1164
140,ORL,11,Devyn Marble,SG,6-6,200,"September 21, 1992",R,University of Iowa,78,22,16,7,208,14,44,.318,4,22,.182,10,22,.455,.364,5,16,.313,5,26,31,17,9,2,9,14,37
141,ORL,44,Andrew Nicholson,PF,6-9,250,"December 8, 1989",2,St. Bonaventure University,81,25,40,3,492,83,190,.437,13,41,.317,70,149,.470,.471,15,25,.600,17,65,82,22,6,12,24,51,194
142,ORL,2,Kyle O'Quinn,PF,6-10,240,"March 26, 1990",2,Norfolk State University,82,24,51,17,824,119,242,.492,12,43,.279,107,199,.538,.517,44,57,.772,46,153,199,59,31,39,55,110,294
143,ORL,5,Victor Oladipo,PG,6-4,210,"May 4, 1992",1,Indiana University,76,22,72,71,2573,473,1086,.436,84,248,.339,389,838,.464,.474,262,320,.819,51,251,302,295,120,19,204,187,1292
144,ORL,4,Elfrid Payton,PG,6-4,185,"February 22, 1994",R,University of Louisiana at Lafayette,76,20,82,63,2489,301,708,.425,11,42,.262,290,666,.435,.433,118,214,.551,107,242,349,533,142,20,203,193,731
145,ORL,13,Luke Ridnour,PG,6-2,175,"February 13, 1981",11,University of Oregon,74,33,47,0,683,75,176,.426,20,63,.317,55,113,.487,.483,18,21,.857,8,60,68,96,20,4,38,67,188
146,ORL,9,Nikola Vucevic,C,7-0,260,"October 24, 1990",3,University of Southern California,84,24,74,74,2529,631,1206,.523,2,6,.333,629,1200,.524,.524,164,218,.752,238,572,810,147,54,54,148,220,1428
147,POR,4,Arron Afflalo,SG,6-5,215,"October 15, 1985",7,"University of California, Los Angeles",77,29,25,19,752,94,227,.414,36,90,.400,58,137,.423,.493,40,47,.851,6,61,67,28,9,2,33,59,264
148,POR,12,LaMarcus Aldridge,PF,6-11,240,"July 19, 1985",8,University of Texas at Austin,83,29,71,71,2512,659,1415,.466,37,105,.352,622,1310,.475,.479,306,362,.845,177,549,726,124,48,68,122,125,1661
149,POR,5,Will Barton,SG,6-6,174,"January 6, 1991",2,University of Memphis,78,24,30,0,300,38,100,.380,4,18,.222,34,82,.415,.400,10,15,.667,3,31,34,27,14,4,17,20,90
150,POR,88,Nicolas Batum,SF,6-8,200,"December 14, 1988",6,,80,26,71,71,2380,240,600,.400,100,309,.324,140,291,.481,.483,84,98,.857,62,354,416,341,78,40,132,106,664
151,POR,5,Steve Blake,PG,6-3,172,"February 26, 1980",11,University of Maryland,75,34,81,0,1529,122,327,.373,77,219,.352,45,108,.417,.491,29,41,.707,16,121,137,288,41,5,104,118,350
152,POR,18,Victor Claver,SF,6-9,224,"August 30, 1988",2,,81,26,10,0,76,9,20,.450,6,11,.545,3,9,.333,.600,0,0,,3,17,20,1,1,1,4,12,24
153,POR,23,Allen Crabbe,SG,6-6,210,"April 9, 1992",1,University of California,78,22,51,9,683,63,153,.412,30,85,.353,33,68,.485,.510,12,16,.750,7,66,73,39,19,15,15,74,168
154,POR,10,Tim Frazier,PG,6-1,170,"November 1, 1990",R,Pennsylvania State University,73,24,5,0,68,8,18,.444,2,6,.333,6,12,.500,.500,5,6,.833,2,7,9,17,2,0,7,10,23
155,POR,19,Joel Freeland,C,6-10,250,"February 7, 1987",2,,82,27,48,8,617,74,151,.490,0,0,,74,151,.490,.490,21,25,.840,62,129,191,16,9,23,23,93,169
156,POR,33,Alonzo Gee,SF,6-6,220,"May 29, 1987",5,University of Alabama,78,27,15,2,151,21,49,.429,3,11,.273,18,38,.474,.459,6,12,.500,8,16,24,6,7,1,8,16,51
157,POR,35,Chris Kaman,C,7-0,268,"April 28, 1982",11,Central Michigan University,84,32,74,13,1398,283,549,.515,0,0,,283,549,.515,.515,72,102,.706,149,335,484,65,18,54,108,140,638
158,POR,11,Meyers Leonard,C,7-1,245,"February 27, 1992",2,University of Illinois at Urbana-Champaign,85,22,55,7,847,125,245,.510,47,112,.420,78,133,.586,.606,30,32,.938,46,204,250,32,10,14,39,113,327
159,POR,0,Damian Lillard,PG,6-3,195,"July 15, 1990",2,Weber State University,75,24,82,82,2925,590,1360,.434,196,572,.343,394,788,.500,.506,344,398,.864,49,329,378,507,97,21,222,164,1720
160,POR,42,Robin Lopez,C,7-0,255,"April 1, 1988",6,Stanford University,84,26,59,59,1638,234,437,.535,0,1,.000,234,436,.537,.535,98,127,.772,190,204,394,55,16,84,73,122,566
161,POR,2,Wesley Matthews,SG,6-5,220,"October 14, 1986",5,Marquette University,77,28,60,60,2024,337,752,.448,173,445,.389,164,307,.534,.563,109,145,.752,38,184,222,139,77,10,81,132,956
162,POR,3,C.J. McCollum,SG,6-4,200,"September 19, 1991",1,Lehigh University,76,23,62,3,973,159,365,.436,55,139,.396,104,226,.460,.511,51,73,.699,14,77,91,64,43,8,48,81,424
163,POR,41,Thomas Robinson,PF,6-9,240,"March 17, 1991",2,University of Kansas,81,23,32,4,391,47,91,.516,0,0,,47,91,.516,.516,21,48,.438,33,100,133,9,16,11,33,54,115
164,POR,1,Dorell Wright,SF,6-7,200,"December 2, 1985",10,,79,29,48,2,592,72,190,.379,41,108,.380,31,82,.378,.487,34,42,.810,14,97,111,41,20,11,18,55,219
165,GSW,19,Leandro Barbosa,SG,6-3,176,"November 28, 1982",11,,75,32,66,1,982,183,386,.474,43,112,.384,140,274,.511,.530,58,74,.784,23,68,91,99,41,8,44,87,467
166,GSW,40,Harrison Barnes,SF,6-8,210,"May 30, 1992",2,University of North Carolina,80,22,82,82,2318,316,656,.482,87,215,.405,229,441,.519,.548,108,150,.720,117,336,453,116,61,19,71,146,827
167,GSW,12,Andrew Bogut,C,7-0,245,"November 28, 1984",9,University of Utah,84,30,67,65,1583,200,355,.563,0,0,,200,355,.563,.563,22,42,.524,141,402,543,180,39,113,106,188,422
168,GSW,30,Stephen Curry,PG,6-3,185,"March 14, 1988",5,Davidson College,75,26,80,80,2613,653,1341,.487,286,646,.443,367,695,.528,.594,308,337,.914,56,285,341,619,163,16,249,158,1900
169,GSW,31,Festus Ezeli,C,6-11,255,"October 21, 1989",1,Vanderbilt University,83,25,46,7,504,76,139,.547,0,0,,76,139,.547,.547,49,78,.628,60,95,155,9,7,42,32,77,201
170,GSW,23,Draymond Green,PF,6-7,230,"March 4, 1990",2,Michigan State University,79,24,79,79,2490,339,765,.443,111,329,.337,228,436,.523,.516,132,200,.660,114,533,647,291,123,99,133,253,921
171,GSW,7,Justin Holiday,SG,6-6,185,"April 5, 1989",1,University of Washington,78,25,59,4,657,91,235,.387,35,109,.321,56,126,.444,.462,37,45,.822,12,61,73,48,40,12,29,54,254
172,GSW,9,Andre Iguodala,SG,6-6,207,"January 28, 1984",10,University of Arizona,78,31,77,0,2069,231,496,.466,74,212,.349,157,284,.553,.540,68,114,.596,44,213,257,228,89,25,88,100,604
173,GSW,1,Ognjen Kuzmic,C,7-1,251,"May 16, 1990",1,,85,24,16,0,72,8,12,.667,0,0,,8,12,.667,.667,4,4,1.000,7,10,17,6,2,1,5,13,20
174,GSW,10,David Lee,PF,6-9,249,"April 29, 1983",9,University of Florida,81,31,49,4,904,160,313,.511,0,2,.000,160,311,.514,.511,68,104,.654,81,176,257,85,31,26,49,83,388
175,GSW,34,Shaun Livingston,PG,6-7,182,"September 11, 1985",9,,79,29,78,2,1468,198,396,.500,0,2,.000,198,394,.503,.500,65,91,.714,43,140,183,259,49,20,102,110,461
176,GSW,20,James Michael McAdoo,PF,6-9,230,"January 4, 1993",R,University of North Carolina,81,22,15,0,137,24,44,.545,0,0,,24,44,.545,.545,14,25,.560,15,22,37,2,5,9,6,21,62
177,GSW,4,Brandon Rush,SG,6-6,210,"July 7, 1985",6,University of Kansas,78,29,33,0,271,11,54,.204,3,27,.111,8,27,.296,.231,5,11,.455,4,37,41,12,5,12,11,27,30
178,GSW,5,Marreese Speights,PF,6-10,245,"August 4, 1987",6,University of Florida,82,27,76,9,1207,318,646,.492,5,18,.278,313,628,.498,.496,150,178,.843,109,216,325,72,20,34,82,189,791
179,GSW,11,Klay Thompson,SG,6-7,205,"February 8, 1990",3,Washington State University,79,24,77,77,2455,602,1299,.463,239,545,.439,363,754,.481,.555,225,256,.879,27,220,247,222,87,60,149,122,1668
180,PHI,19,Furkan Aldemir,PF,6-9,229,"August 9, 1991",R,,81,23,41,9,540,40,78,.513,0,5,.000,40,73,.548,.513,13,27,.481,78,98,176,28,17,16,17,96,93
181,PHI,0,Isaiah Canaan,PG,6-0,188,"May 21, 1991",1,Murray State University,72,23,22,12,569,93,247,.377,59,162,.364,34,85,.400,.496,33,39,.846,7,47,54,69,15,3,39,55,278
182,PHI,1,Michael Carter-Williams,PG,6-6,185,"October 10, 1991",1,Syracuse University,78,23,41,38,1391,232,611,.380,32,125,.256,200,486,.412,.406,117,182,.643,43,211,254,302,60,18,174,103,613
183,PHI,33,Robert Covington,SF,6-9,215,"December 14, 1990",1,Tennessee State University,81,24,70,49,1956,299,756,.396,167,446,.374,132,310,.426,.506,178,217,.820,65,251,316,105,97,31,128,189,943
184,PHI,0,Brandon Davies,PF,6-10,240,"July 25, 1991",1,Brigham Young University,82,23,20,6,379,49,119,.412,7,30,.233,42,89,.472,.441,21,33,.636,35,38,73,28,17,4,25,54,126
185,PHI,7,Larry Drew,PG,6-2,180,"March 5, 1990",R,"University of California, Los Angeles",74,24,12,1,219,20,58,.345,4,26,.154,16,32,.500,.379,2,3,.667,1,14,15,45,6,0,25,13,46
186,PHI,20,Tim Frazier,PG,6-1,170,"November 1, 1990",R,Pennsylvania State University,73,24,6,3,171,13,43,.302,3,11,.273,10,32,.313,.337,5,15,.333,4,15,19,43,6,0,18,16,34
187,PHI,30,Drew Gordon,PF,6-9,245,"July 12, 1990",R,University of New Mexico,81,24,9,0,71,8,19,.421,0,3,.000,8,16,.500,.421,1,2,.500,7,11,18,2,1,0,8,7,17
188,PHI,39,Jerami Grant,SF,6-8,210,"March 12, 1994",R,Syracuse University,80,20,65,11,1377,124,352,.352,49,156,.314,75,196,.383,.422,114,193,.591,49,149,198,79,40,68,85,144,411
189,PHI,16,Chris Johnson,SF,6-6,201,"April 29, 1990",2,University of Dayton,78,24,9,2,187,19,60,.317,10,39,.256,9,21,.429,.400,6,8,.750,3,23,26,3,9,5,9,19,54
190,PHI,11,Malcolm Lee,SG,6-5,200,"May 22, 1990",2,"University of California, Los Angeles",77,24,1,0,2,0,1,.000,0,0,,0,1,.000,.000,0,0,,0,0,0,0,0,0,0,0,0
191,PHI,12,Luc Mbah a Moute,PF,6-8,230,"September 9, 1986",6,"University of California, Los Angeles",80,28,67,61,1916,251,636,.395,62,202,.307,189,434,.435,.443,96,163,.589,82,246,328,106,81,21,99,104,660
192,PHI,14,K.J. McDaniels,SG,6-6,200,"February 9, 1993",R,Clemson University,78,21,52,15,1319,167,419,.399,43,147,.293,124,272,.456,.450,99,131,.756,64,131,195,70,44,68,104,121,476
193,PHI,1,JaVale McGee,C,7-0,237,"January 19, 1988",6,"University of Nevada, Reno",84,27,6,0,61,8,18,.444,0,0,,8,18,.444,.444,2,4,.500,4,9,13,2,0,1,5,2,18
194,PHI,4,Nerlens Noel,C,6-11,228,"April 10, 1994",R,University of Kentucky,83,20,75,71,2311,302,653,.462,0,0,,302,653,.462,.462,140,230,.609,185,426,611,128,133,142,146,208,744
195,PHI,23,Jason Richardson,SG,6-6,220,"January 20, 1981",12,Michigan State University,78,34,19,15,416,62,178,.348,31,96,.323,31,82,.378,.435,17,22,.773,13,53,66,38,13,3,16,28,172
196,PHI,1,Glenn Robinson III,SF,6-7,222,"January 8, 1994",R,University of Michigan,79,21,10,1,153,18,43,.419,4,13,.308,14,30,.467,.465,4,8,.500,11,14,25,8,3,1,8,10,44
197,PHI,41,Thomas Robinson,PF,6-9,240,"March 17, 1991",2,University of Kansas,81,23,22,0,407,79,169,.467,0,2,.000,79,167,.473,.467,35,58,.603,62,108,170,24,16,9,26,50,193
198,PHI,9,JaKarr Sampson,SF,6-9,214,"March 20, 1993",R,St. John's University,81,21,74,32,1131,146,346,.422,31,127,.244,115,219,.525,.467,63,94,.670,35,128,163,77,38,26,76,135,386
199,PHI,88,Alexey Shved,SG,6-6,190,"December 16, 1988",2,,78,26,17,0,285,52,130,.400,17,57,.298,35,73,.479,.465,48,57,.842,8,14,22,46,14,1,18,21,169
200,PHI,35,Henry Sims,C,6-10,245,"March 27, 1990",2,Georgetown University,82,24,73,32,1399,238,502,.474,4,22,.182,234,480,.488,.478,106,137,.774,121,238,359,79,39,30,99,135,586
201,PHI,5,Ish Smith,PG,6-0,175,"July 5, 1988",4,Wake Forest University,72,26,25,14,677,128,322,.398,17,55,.309,111,267,.416,.424,28,48,.583,10,63,73,152,32,5,69,38,301
202,PHI,11,Malcolm Thomas,PF,6-9,225,"November 8, 1988",3,San Diego State University,81,26,17,0,194,18,40,.450,0,7,.000,18,33,.545,.450,9,13,.692,16,40,56,7,3,1,13,17,45
203,PHI,31,Hollis Thompson,SG,6-8,206,"April 3, 1991",1,Georgetown University,80,23,71,23,1776,224,543,.413,115,287,.401,109,256,.426,.518,63,89,.708,53,145,198,85,57,26,66,141,626
204,PHI,8,Tony Wroten,SG,6-6,205,"April 13, 1993",2,University of Washington,78,21,30,15,895,175,434,.403,37,142,.261,138,292,.473,.446,120,180,.667,22,64,86,157,48,8,113,72,507
205,NYK,4,Quincy Acy,PF,6-7,233,"October 6, 1990",2,Baylor University,79,24,68,22,1287,152,331,.459,18,60,.300,134,271,.494,.486,76,97,.784,79,222,301,68,27,22,60,147,398
206,NYK,45,Cole Aldrich,C,6-11,245,"October 31, 1988",4,University of Kansas,83,26,61,16,976,144,301,.478,0,0,,144,301,.478,.478,50,64,.781,101,237,338,75,37,65,59,122,338
207,NYK,21,Lou Amundson,PF,6-9,225,"December 7, 1982",8,"University of Nevada, Las Vegas",81,32,41,35,858,105,243,.432,0,1,.000,105,242,.434,.432,38,82,.463,89,159,248,65,21,52,57,115,248
208,NYK,7,Carmelo Anthony,SF,6-8,230,"May 29, 1984",11,Syracuse University,80,30,40,40,1428,358,806,.444,61,179,.341,297,627,.474,.482,189,237,.797,72,192,264,122,40,17,89,87,966
209,NYK,77,Andrea Bargnani,C,7-0,225,"October 26, 1985",8,,84,29,29,22,785,164,361,.454,15,41,.366,149,320,.466,.475,87,107,.813,32,95,127,46,2,27,42,53,430
210,NYK,3,Jose Calderon,PG,6-3,210,"September 28, 1981",9,,75,33,42,42,1270,147,354,.415,59,142,.415,88,212,.415,.499,29,32,.906,19,105,124,198,31,0,75,76,382
211,NYK,11,Samuel Dalembert,C,6-11,250,"May 10, 1981",12,Seton Hall University,83,33,32,21,544,57,130,.438,0,0,,57,130,.438,.438,14,20,.700,53,115,168,29,14,41,39,70,128
212,NYK,17,Cleanthony Early,SF,6-8,219,"April 17, 1991",R,Wichita State University,80,23,39,7,647,76,214,.355,22,84,.262,54,130,.415,.407,36,48,.750,22,75,97,36,24,12,40,57,210
213,NYK,2,Langston Galloway,PG,6-2,201,"December 9, 1991",R,Saint Joseph's University,74,23,45,41,1457,204,511,.399,62,176,.352,142,335,.424,.460,63,78,.808,37,153,190,150,52,12,61,129,533
214,NYK,5,Tim Hardaway,SG,6-6,205,"March 16, 1992",1,University of Michigan,78,22,70,30,1681,279,717,.389,121,354,.342,158,363,.435,.474,125,156,.801,12,144,156,127,20,14,82,119,804
215,NYK,0,Shane Larkin,PG,5-11,176,"October 2, 1992",1,University of Miami,71,22,76,22,1865,187,432,.433,35,116,.302,152,316,.481,.473,61,78,.782,29,147,176,226,93,9,83,150,470
216,NYK,11,Ricky Ledo,SG,6-7,195,"September 10, 1992",1,,79,22,12,0,233,32,90,.356,10,24,.417,22,66,.333,.411,15,20,.750,15,19,34,18,6,1,24,20,89
217,NYK,9,Pablo Prigioni,PG,6-3,180,"May 17, 1977",2,,75,37,43,3,795,68,161,.422,43,115,.374,25,46,.543,.556,22,26,.846,18,62,80,104,52,1,47,53,201
218,NYK,21,Iman Shumpert,SG,6-5,212,"June 26, 1990",3,Georgia Institute of Technology,77,24,24,24,625,88,215,.409,23,66,.348,65,149,.436,.463,25,37,.676,22,59,81,78,30,3,42,67,224
219,NYK,1,Alexey Shved,SG,6-6,190,"December 16, 1988",2,,78,26,16,9,423,73,181,.403,26,70,.371,47,111,.423,.475,64,82,.780,14,59,73,57,15,5,25,25,236
220,NYK,8,J.R. Smith,SG,6-6,220,"September 9, 1985",10,,78,29,24,6,619,101,251,.402,32,90,.356,69,161,.429,.466,27,39,.692,4,54,58,81,18,4,45,44,261
221,NYK,14,Jason Smith,C,7-0,240,"March 2, 1986",6,Colorado State University,84,28,82,31,1785,257,592,.434,15,42,.357,242,550,.440,.447,127,153,.830,98,226,324,140,32,44,104,205,656
222,NYK,1,Amar'e Stoudemire,PF,6-10,245,"November 16, 1982",12,,82,32,36,14,865,169,311,.543,0,3,.000,169,308,.549,.543,94,127,.740,83,162,245,37,20,34,63,111,432
223,NYK,42,Lance Thomas,PF,6-8,225,"April 24, 1988",3,Duke University,80,26,40,24,1040,137,316,.434,7,21,.333,130,295,.441,.445,49,66,.742,37,83,120,49,26,8,57,63,330
224,NYK,6,Travis Wear,SF,6-10,230,"September 21, 1990",R,"University of California, Los Angeles",82,24,51,1,672,84,209,.402,11,30,.367,73,179,.408,.428,20,26,.769,31,75,106,40,15,11,35,55,199
225,WAS,3,Bradley Beal,SG,6-5,207,"June 28, 1993",2,University of Florida,77,21,63,59,2107,363,851,.427,106,259,.409,257,592,.434,.489,130,166,.783,57,184,241,194,76,18,123,136,962
226,WAS,45,DeJuan Blair,PF,6-7,265,"April 22, 1989",5,University of Pittsburgh,79,25,29,0,180,26,57,.456,0,0,,26,57,.456,.456,4,6,.667,16,40,56,3,7,1,13,41,56
227,WAS,8,Rasual Butler,SF,6-7,205,"May 23, 1979",11,La Salle University,79,35,75,1,1505,218,517,.422,91,235,.387,127,282,.450,.510,53,67,.791,27,170,197,63,29,22,48,98,580
228,WAS,1,Will Bynum,SG,6-0,185,"January 4, 1983",7,Georgia Institute of Technology,72,32,7,0,67,10,31,.323,0,9,.000,10,22,.455,.323,2,4,.500,2,4,6,18,1,1,8,9,22
229,WAS,90,Drew Gooden,PF,6-10,230,"September 24, 1981",12,University of Kansas,82,33,51,7,864,110,276,.399,23,59,.390,87,217,.401,.440,34,44,.773,72,151,223,49,21,9,28,91,277
230,WAS,4,Marcin Gortat,C,6-11,240,"February 17, 1984",7,,83,30,82,82,2453,439,775,.566,0,3,.000,439,772,.569,.566,123,175,.703,180,537,717,97,49,110,100,191,1001
231,WAS,42,Nene Hilario,PF,6-11,260,"September 13, 1982",12,,83,32,67,58,1693,307,601,.511,1,5,.200,306,596,.513,.512,122,202,.604,84,261,345,123,66,22,124,180,737
232,WAS,43,Kris Humphries,PF,6-9,235,"February 6, 1985",10,University of Minnesota,81,29,64,17,1345,211,446,.473,0,7,.000,211,439,.481,.473,87,117,.744,118,298,416,57,34,25,46,130,509
233,WAS,24,Andre Miller,PG,6-2,200,"March 19, 1976",15,University of Utah,74,38,51,0,631,77,142,.542,1,8,.125,76,134,.567,.546,28,39,.718,21,56,77,143,14,2,46,56,183
234,WAS,1,Toure' Murry,SG,6-5,195,"November 8, 1989",1,Wichita State University,77,25,4,0,17,2,4,.500,0,0,,2,4,.500,.500,2,2,1.000,1,0,1,1,1,0,4,2,6
235,WAS,34,Paul Pierce,SF,6-7,235,"October 13, 1977",16,University of Kansas,79,37,73,73,1914,293,656,.447,118,303,.389,175,353,.496,.537,164,210,.781,45,249,294,144,46,24,92,160,868
236,WAS,22,Otto Porter,SF,6-9,198,"June 3, 1993",1,Georgetown University,81,21,74,13,1432,176,391,.450,35,104,.337,141,287,.491,.495,58,79,.734,70,151,221,65,44,30,52,97,445
237,WAS,14,Glen Rice,SG,6-6,206,"January 1, 1991",1,Georgia Institute of Technology,78,24,5,0,43,3,15,.200,1,7,.143,2,8,.250,.233,4,6,.667,2,2,4,2,0,0,2,11,11
238,WAS,13,Kevin Seraphin,C,6-9,264,"December 7, 1989",4,,81,25,79,0,1235,231,450,.513,0,2,.000,231,448,.516,.513,58,82,.707,87,201,288,59,10,59,98,197,520
239,WAS,7,Ramon Sessions,PG,6-3,190,"April 11, 1986",7,"University of Nevada, Reno",75,28,28,3,546,62,151,.411,13,32,.406,49,119,.412,.454,69,85,.812,10,65,75,86,16,0,35,28,206
240,WAS,17,Garrett Temple,SG,6-6,190,"May 8, 1986",4,Louisiana State University,78,28,52,18,735,68,170,.400,33,88,.375,35,82,.427,.497,35,48,.729,24,66,90,56,42,9,34,76,204
241,WAS,2,John Wall,PG,6-4,195,"September 6, 1990",4,University of Kentucky,76,24,79,79,2837,519,1166,.445,65,217,.300,454,949,.478,.473,284,362,.785,36,330,366,792,138,45,304,180,1387
242,WAS,9,Martell Webster,SF,6-7,210,"December 4, 1986",9,,79,28,32,0,352,24,91,.264,10,43,.233,14,48,.292,.319,48,64,.750,10,36,46,17,7,1,22,24,106
243,LAC,22,Matt Barnes,SF,6-7,235,"March 9, 1980",11,"University of California, Los Angeles",79,34,76,74,2271,277,624,.444,136,376,.362,141,248,.569,.553,74,95,.779,51,251,302,114,67,50,87,240,764
244,LAC,25,Reggie Bullock,SF,6-7,205,"March 16, 1991",1,University of North Carolina,79,23,25,2,263,23,54,.426,15,39,.385,8,15,.533,.565,4,5,.800,0,40,40,6,9,2,6,17,65
245,LAC,11,Jamal Crawford,SG,6-5,200,"March 20, 1980",14,University of Michigan,77,34,64,4,1703,332,839,.396,119,364,.327,213,475,.448,.467,227,252,.901,18,106,124,158,59,14,92,108,1010
246,LAC,9,Jared Cunningham,SG,6-4,194,"May 22, 1991",2,Oregon State University,76,23,19,0,89,12,33,.364,4,13,.308,8,20,.400,.424,7,13,.538,1,8,9,10,3,0,7,12,35
247,LAC,0,Glen Davis,PF,6-9,289,"January 1, 1986",7,Louisiana State University,81,29,74,0,904,117,255,.459,0,4,.000,117,251,.466,.459,60,95,.632,43,126,169,39,41,21,39,132,294
248,LAC,14,Chris Douglas-Roberts,SG,6-7,200,"January 8, 1987",5,University of Memphis,79,28,12,0,103,5,21,.238,1,7,.143,4,14,.286,.262,8,8,1.000,1,11,12,4,1,0,0,14,19
249,LAC,1,Jordan Farmar,PG,6-2,180,"November 30, 1986",7,"University of California, Los Angeles",74,28,36,0,529,61,158,.386,35,97,.361,26,61,.426,.497,10,11,.909,8,34,42,67,20,5,32,52,167
250,LAC,32,Blake Griffin,PF,6-10,251,"March 16, 1989",4,University of Oklahoma,82,25,67,67,2356,574,1144,.502,10,25,.400,564,1119,.504,.506,311,427,.728,126,382,508,354,63,35,152,196,1469
251,LAC,1,Jordan Hamilton,SF,6-7,220,"October 6, 1990",3,University of Texas at Austin,79,24,14,2,122,14,35,.400,10,21,.476,4,14,.286,.543,0,0,,2,14,16,7,2,0,4,14,38
252,LAC,10,Spencer Hawes,PF,7-0,245,"April 28, 1988",7,University of Washington,84,26,73,15,1274,163,415,.393,55,176,.313,108,239,.452,.459,44,68,.647,30,228,258,88,24,53,61,173,425
253,LAC,14,Lester Hudson,SG,6-3,190,"August 7, 1984",3,University of Tennessee at Martin,75,30,5,0,56,6,14,.429,3,6,.500,3,8,.375,.536,3,4,.750,1,7,8,5,6,1,3,4,18
254,LAC,31,Dahntay Jones,SF,6-6,210,"December 27, 1980",10,Duke University,78,34,33,0,123,6,21,.286,0,4,.000,6,17,.353,.286,9,11,.818,1,10,11,2,3,0,1,23,21
255,LAC,6,DeAndre Jordan,C,6-11,250,"July 21, 1988",6,Texas A&M University,83,26,82,82,2820,379,534,.710,1,4,.250,378,530,.713,.711,187,471,.397,397,829,1226,61,81,183,109,245,946
256,LAC,3,Chris Paul,PG,6-0,175,"May 6, 1985",9,Wake Forest University,72,29,82,82,2857,568,1170,.485,139,349,.398,429,821,.523,.545,289,321,.900,52,324,376,838,156,15,190,203,1564
257,LAC,4,J.J. Redick,SG,6-4,190,"June 24, 1984",8,Duke University,76,30,78,78,2409,447,938,.477,200,458,.437,247,480,.515,.583,183,203,.901,22,145,167,137,39,8,95,134,1277
258,LAC,25,Austin Rivers,PG,6-4,200,"August 1, 1992",2,Duke University,76,22,41,2,791,117,274,.427,25,81,.309,92,193,.477,.473,32,55,.582,15,69,84,68,30,7,35,81,291
259,LAC,8,Nate Robinson,PG,5-9,180,"May 31, 1984",9,University of Washington,69,30,9,0,126,17,51,.333,7,20,.350,10,31,.323,.402,5,6,.833,3,8,11,20,6,0,8,8,46
260,LAC,15,Hedo Turkoglu,SF,6-10,220,"March 19, 1979",14,,82,35,62,2,705,83,188,.441,60,139,.432,23,49,.469,.601,6,11,.545,5,94,99,37,19,7,29,66,232
261,LAC,13,Ekpe Udoh,PF,6-10,240,"May 20, 1987",4,Baylor University,82,27,33,0,128,11,24,.458,0,0,,11,24,.458,.458,7,9,.778,7,19,26,8,8,7,7,20,29
262,LAC,30,C.J. Wilcox,SG,6-5,195,"December 30, 1990",R,University of Washington,77,24,21,0,101,16,38,.421,7,19,.368,9,19,.474,.513,2,2,1.000,1,6,7,8,3,1,10,7,41
263,DAL,7,Al-Farouq Aminu,SF,6-9,215,"September 21, 1990",4,Wake Forest University,81,24,74,3,1366,147,357,.412,34,124,.274,113,233,.485,.459,84,118,.712,114,228,342,59,70,62,55,137,412
264,DAL,5,J.J. Barea,PG,6-0,175,"June 26, 1984",8,Northeastern University,72,30,77,10,1362,225,536,.420,54,167,.323,171,369,.463,.470,76,94,.809,23,111,134,263,33,1,70,104,580
265,DAL,6,Tyson Chandler,C,7-1,235,"October 2, 1982",13,,85,32,75,75,2286,293,440,.666,0,0,,293,440,.666,.666,185,257,.720,294,570,864,84,42,91,105,169,771
266,DAL,9,Jae Crowder,SF,6-7,240,"July 6, 1990",2,Marquette University,79,24,25,0,265,33,76,.434,13,38,.342,20,38,.526,.520,10,11,.909,12,17,29,12,15,5,10,26,89
267,DAL,11,Monta Ellis,SG,6-3,175,"October 26, 1985",9,,75,29,80,80,2699,602,1354,.445,81,284,.285,521,1070,.487,.475,228,303,.752,34,156,190,329,148,25,198,197,1513
268,DAL,2,Raymond Felton,PG,6-1,198,"June 26, 1984",9,University of North Carolina,73,30,29,3,281,43,106,.406,10,34,.294,33,72,.458,.453,12,15,.800,2,24,26,41,11,4,18,17,108
269,DAL,20,Devin Harris,PG,6-3,185,"February 27, 1983",10,University of Wisconsin,75,31,76,3,1685,219,524,.418,95,266,.357,124,258,.481,.509,132,162,.815,13,122,135,237,78,14,85,147,665
270,DAL,55,Bernard James,C,6-10,240,"February 7, 1985",2,Florida State University,82,29,16,2,158,12,27,.444,0,0,,12,27,.444,.444,20,23,.870,18,21,39,4,2,15,6,17,44
271,DAL,24,Richard Jefferson,SF,6-7,222,"June 21, 1980",13,University of Arizona,79,34,74,18,1244,144,324,.444,66,155,.426,78,169,.462,.546,78,114,.684,25,158,183,61,32,11,52,115,432
272,DAL,1,Ricky Ledo,SG,6-7,195,"September 10, 1992",1,,79,22,5,0,11,0,6,.000,0,3,.000,0,3,.000,.000,1,2,.500,1,1,2,1,0,0,2,1,1
273,DAL,14,Jameer Nelson,PG,6-0,190,"February 9, 1982",10,Saint Joseph's University,72,32,23,23,584,61,163,.374,38,103,.369,23,60,.383,.491,7,8,.875,14,49,63,95,15,2,39,53,167
274,DAL,41,Dirk Nowitzki,PF,7-0,237,"June 19, 1978",16,,84,36,77,77,2282,487,1062,.459,104,274,.380,383,788,.486,.508,255,289,.882,44,413,457,143,39,33,82,160,1333
275,DAL,25,Chandler Parsons,SF,6-9,200,"October 25, 1988",3,University of Florida,81,26,66,66,2186,383,829,.462,132,347,.380,251,482,.521,.542,139,193,.720,64,259,323,161,69,19,96,140,1037
276,DAL,8,Dwight Powell,PF,6-11,240,"July 20, 1991",R,Stanford University,83,23,24,0,227,27,62,.435,3,11,.273,24,51,.471,.460,24,31,.774,18,31,49,9,7,6,9,39,81
277,DAL,9,Rajon Rondo,PG,6-1,171,"February 22, 1986",8,University of Kentucky,73,28,46,46,1319,194,445,.436,19,54,.352,175,391,.448,.457,19,42,.452,48,160,208,301,54,4,135,111,426
278,DAL,4,Greg Smith,PF,6-10,250,"January 8, 1991",3,"California State University, Fresno",82,24,42,2,363,30,49,.612,0,0,,30,49,.612,.612,20,39,.513,26,53,79,9,7,11,11,53,80
279,DAL,1,Amar'e Stoudemire,PF,6-10,245,"November 16, 1982",12,,82,32,23,1,380,104,179,.581,0,1,.000,104,178,.584,.581,40,59,.678,27,57,84,8,9,4,15,50,248
280,DAL,3,Charlie Villanueva,PF,6-11,240,"August 24, 1984",9,University of Connecticut,83,30,64,1,678,150,362,.414,83,221,.376,67,141,.475,.529,20,35,.571,30,119,149,19,15,22,28,64,403
281,DAL,34,Brandan Wright,PF,6-9,205,"October 5, 1987",6,University of North Carolina,81,27,27,0,505,101,135,.748,0,0,,101,135,.748,.748,36,48,.750,51,59,110,10,17,42,13,44,238
282,MIN,12,Jeff Adrien,PF,6-7,243,"February 10, 1986",4,University of Connecticut,79,28,17,0,215,19,44,.432,0,0,,19,44,.432,.432,22,38,.579,23,54,77,15,4,9,9,30,60
283,MIN,24,Anthony Bennett,PF,6-8,240,"March 14, 1993",1,"University of Nevada, Las Vegas",80,21,57,3,894,125,297,.421,7,23,.304,118,274,.431,.433,41,64,.641,52,164,216,48,27,16,36,87,298
284,MIN,13,Corey Brewer,SF,6-9,185,"March 5, 1986",7,University of Florida,81,28,24,16,680,94,225,.418,8,41,.195,86,184,.467,.436,55,78,.705,32,62,94,78,54,4,50,62,251
285,MIN,7,Lorenzo Brown,PG,6-5,189,"August 26, 1990",1,North Carolina State University,77,24,29,7,549,52,122,.426,6,28,.214,46,94,.489,.451,12,19,.632,14,56,70,90,28,6,30,49,122
286,MIN,10,Chase Budinger,SF,6-7,218,"May 22, 1988",5,University of Arizona,79,26,67,4,1286,169,390,.433,52,143,.364,117,247,.474,.500,67,81,.827,33,165,198,64,44,10,49,72,457
287,MIN,30,Troy Daniels,SG,6-4,200,"July 15, 1991",1,Virginia Commonwealth University,76,23,19,0,154,19,59,.322,13,39,.333,6,20,.300,.432,2,2,1.000,6,13,19,13,3,0,8,14,53
288,MIN,5,Gorgui Dieng,C,6-11,245,"January 18, 1990",1,University of Louisville,83,25,73,49,2193,259,512,.506,1,6,.167,258,506,.510,.507,191,244,.783,223,386,609,146,71,126,126,188,710
289,MIN,21,Kevin Garnett,PF,6-11,220,"May 19, 1976",19,,83,38,5,5,98,18,31,.581,0,1,.000,18,30,.600,.581,2,4,.500,2,24,26,8,5,4,1,13,38
290,MIN,41,Justin Hamilton,C,7-0,260,"April 1, 1990",1,Louisiana State University,84,24,17,9,423,58,113,.513,4,12,.333,54,101,.535,.531,33,40,.825,33,53,86,24,19,25,18,37,153
291,MIN,4,Robbie Hummel,SF,6-8,215,"March 8, 1989",1,Purdue University,80,25,45,4,742,79,172,.459,16,51,.314,63,121,.521,.506,24,29,.828,31,103,134,27,16,9,18,86,198
292,MIN,1,Sean Kilpatrick,SG,6-4,210,"January 6, 1990",R,University of Cincinnati,76,25,4,0,72,7,20,.350,4,13,.308,3,7,.429,.450,4,4,1.000,1,5,6,4,3,0,2,3,22
293,MIN,8,Zach LaVine,PG,6-5,180,"March 10, 1995",R,"University of California, Los Angeles",77,19,77,40,1902,286,677,.422,57,167,.341,229,510,.449,.465,149,177,.842,27,187,214,276,54,10,193,158,778
294,MIN,23,Kevin Martin,SG,6-7,185,"February 1, 1983",10,Western Carolina University,79,31,39,36,1302,267,625,.427,75,191,.393,192,434,.442,.487,170,193,.881,19,123,142,89,33,1,76,76,779
295,MIN,15,Shabazz Muhammad,SG,6-6,225,"November 13, 1992",1,"University of California, Los Angeles",78,22,38,13,866,194,397,.489,20,51,.392,174,346,.503,.514,104,145,.717,63,91,154,44,18,7,35,49,512
296,MIN,12,Gary Neal,SG,6-4,210,"October 3, 1984",4,Towson University,76,30,11,1,262,45,105,.429,11,31,.355,34,74,.459,.481,29,33,.879,0,35,35,20,7,0,10,18,130
297,MIN,50,Arinze Onuaku,C,6-9,275,"July 13, 1987",1,Syracuse University,81,27,6,1,68,12,14,.857,0,0,,12,14,.857,.857,3,8,.375,7,14,21,4,1,3,2,6,27
298,MIN,3,Adreian Payne,PF,6-10,245,"February 19, 1991",R,Michigan State University,82,23,29,22,720,89,213,.418,1,8,.125,88,205,.429,.420,29,44,.659,47,111,158,30,18,9,44,84,208
299,MIN,14,Nikola Pekovic,C,6-11,285,"January 3, 1986",4,,83,29,31,29,815,139,328,.424,0,0,,139,328,.424,.424,108,129,.837,89,145,234,27,19,12,42,59,386
300,MIN,13,Miroslav Raduljica,C,7-0,250,"January 5, 1988",1,,84,27,5,0,23,3,8,.375,0,0,,3,8,.375,.375,2,2,1.000,2,3,5,0,1,0,2,8,8
301,MIN,1,Glenn Robinson III,SG,6-7,222,"January 8, 1994",R,University of Michigan,79,21,25,0,108,8,24,.333,1,6,.167,7,18,.389,.354,12,16,.750,4,10,14,3,3,0,3,5,29
302,MIN,9,Ricky Rubio,PG,6-4,180,"October 21, 1990",3,,76,24,22,22,692,78,219,.356,13,51,.255,65,168,.387,.386,57,71,.803,19,106,125,193,38,1,64,59,226
303,MIN,32,Ronny Turiaf,C,6-10,249,"January 13, 1983",9,Gonzaga University,82,32,2,0,19,0,0,,0,0,,0,0,,,0,0,,0,1,1,2,0,0,0,0,0
304,MIN,22,Andrew Wiggins,SG,6-8,199,"February 23, 1995",R,University of Kansas,80,19,82,82,2969,497,1137,.437,39,126,.310,458,1011,.453,.454,354,466,.760,134,240,374,170,86,50,177,190,1387
305,MIN,25,Mo Williams,PG,6-1,185,"December 19, 1982",11,University of Alabama,73,32,41,19,1149,180,447,.403,59,170,.347,121,277,.437,.469,80,94,.851,13,85,98,261,30,8,102,103,499
306,MIN,33,Thaddeus Young,PF,6-8,220,"June 21, 1988",7,Georgia Institute of Technology,80,26,48,48,1605,289,641,.451,19,65,.292,270,576,.469,.466,88,129,.682,75,170,245,135,86,17,75,115,685
307,SAC,32,Sim Bhullar,C,7-5,360,"December 2, 1992",R,New Mexico State University,89,22,3,0,3,1,2,.500,0,0,,1,2,.500,.500,0,0,,0,1,1,1,0,1,0,0,2
308,SAC,18,Omri Casspi,SF,6-9,225,"June 22, 1988",5,,81,26,67,19,1416,209,427,.489,35,87,.402,174,340,.512,.530,140,191,.733,54,206,260,102,31,9,88,107,593
309,SAC,7,Darren Collison,PG,6-0,160,"August 23, 1987",5,"University of California, Los Angeles",72,27,45,45,1565,260,550,.473,60,161,.373,200,389,.514,.527,145,184,.788,19,124,143,252,67,14,112,95,725
310,SAC,15,DeMarcus Cousins,C,6-11,270,"August 13, 1990",4,University of Kentucky,83,24,59,59,2013,498,1066,.467,2,8,.250,496,1058,.469,.468,423,541,.782,185,562,747,210,90,103,254,241,1421
311,SAC,30,Reggie Evans,PF,6-8,245,"May 18, 1980",12,University of Iowa,80,34,47,7,764,58,137,.423,0,2,.000,58,135,.430,.423,60,97,.619,97,202,299,32,22,5,45,91,176
312,SAC,8,Rudy Gay,SF,6-8,230,"August 17, 1986",8,University of Connecticut,80,28,68,67,2408,508,1116,.455,79,220,.359,429,896,.479,.491,337,393,.858,98,301,399,250,71,41,183,157,1432
313,SAC,5,Ryan Hollins,C,7-0,230,"October 10, 1984",8,"University of California, Los Angeles",84,30,46,9,441,53,82,.646,0,0,,53,82,.646,.646,31,54,.574,36,67,103,14,6,19,25,65,137
314,SAC,24,Carl Landry,PF,6-9,248,"September 19, 1983",7,Purdue University,81,31,70,15,1192,190,369,.515,0,0,,190,369,.515,.515,123,150,.820,99,169,268,26,15,17,54,132,503
315,SAC,3,Ray McCallum,PG,6-3,190,"June 12, 1991",1,University of Detroit Mercy,75,23,68,30,1436,206,470,.438,34,111,.306,172,359,.479,.474,57,84,.679,52,128,180,188,45,11,85,92,503
316,SAC,23,Ben McLemore,SG,6-5,195,"February 11, 1993",1,University of Kansas,77,21,82,82,2670,363,831,.437,140,391,.358,223,440,.507,.521,130,160,.813,31,210,241,140,77,19,138,219,996
317,SAC,22,Andre Miller,PG,6-2,200,"March 19, 1976",15,University of Utah,74,38,30,0,622,68,148,.459,6,26,.231,62,122,.508,.480,30,38,.789,16,60,76,141,18,4,58,47,172
318,SAC,20,Quincy Miller,PF,6-9,210,"November 18, 1992",2,Baylor University,81,22,6,0,61,4,18,.222,1,7,.143,3,11,.273,.250,8,11,.727,2,10,12,3,6,3,3,4,17
319,SAC,25,Eric Moreland,PF,6-10,218,"December 24, 1991",R,Oregon State University,82,23,3,0,2,1,1,1.000,0,0,,1,1,1.000,1.000,0,0,,0,1,1,0,0,0,0,1,2
320,SAC,9,Ramon Sessions,PG,6-3,190,"April 11, 1986",7,"University of Nevada, Reno",75,28,36,7,642,63,183,.344,6,28,.214,57,155,.368,.361,64,88,.727,13,56,69,96,13,0,51,45,196
321,SAC,10,Nik Stauskas,SG,6-6,205,"October 7, 1993",R,University of Michigan,78,21,73,1,1127,108,296,.365,48,149,.322,60,147,.408,.446,55,64,.859,11,77,88,67,20,17,40,92,319
322,SAC,9,David Stockton,PG,5-11,165,"June 24, 1991",R,Gonzaga University,71,23,3,0,33,2,6,.333,1,2,.500,1,4,.250,.417,3,6,.500,0,2,2,9,2,0,4,1,8
323,SAC,34,Jason Thompson,PF,6-11,250,"July 21, 1986",6,Rider University,83,28,81,63,1991,201,428,.470,0,1,.000,201,427,.471,.470,89,143,.622,139,391,530,85,33,57,84,239,491
324,SAC,31,David Wear,PF,6-10,230,"September 21, 1990",R,"University of California, Los Angeles",82,24,2,0,7,0,2,.000,0,1,.000,0,1,.000,.000,0,0,,2,0,2,1,0,0,0,1,0
325,SAC,13,Derrick Williams,PF,6-8,241,"May 25, 1991",3,University of Arizona,80,23,74,6,1462,217,485,.447,49,156,.314,168,329,.511,.498,134,196,.684,41,161,202,50,34,4,56,67,617
326,OKC,12,Steven Adams,C,7-0,250,"July 20, 1993",1,University of Pittsburgh,84,21,70,67,1771,217,399,.544,0,2,.000,217,397,.547,.544,103,205,.502,199,324,523,66,38,86,99,222,537
327,OKC,14,D.J. Augustin,PG,6-0,180,"November 10, 1987",6,University of Texas at Austin,72,27,28,1,677,69,186,.371,34,96,.354,35,90,.389,.462,31,36,.861,7,54,61,88,16,1,35,32,203
328,OKC,4,Nick Collison,PF,6-9,255,"October 26, 1980",10,University of Kansas,81,34,66,2,1101,106,253,.419,16,60,.267,90,193,.466,.451,45,65,.692,90,160,250,90,35,25,45,156,273
329,OKC,35,Kevin Durant,SF,6-9,240,"September 29, 1988",7,University of Texas at Austin,81,26,27,27,913,238,467,.510,64,159,.403,174,308,.565,.578,146,171,.854,16,162,178,110,24,25,74,40,686
330,OKC,9,Serge Ibaka,PF,6-10,220,"September 18, 1989",5,,82,25,64,64,2116,374,786,.476,77,205,.376,297,581,.511,.525,92,110,.836,135,364,499,55,30,155,97,194,917
331,OKC,15,Reggie Jackson,PG,6-3,208,"April 16, 1990",3,Boston College,75,24,50,13,1398,249,576,.432,44,158,.278,205,418,.490,.470,99,115,.861,28,173,201,214,42,5,91,94,641
332,OKC,7,Grant Jerrett,PF,6-10,235,"July 8, 1993",R,University of Arizona,82,21,5,0,25,3,17,.176,1,13,.077,2,4,.500,.206,0,0,,1,3,4,1,0,2,2,7,7
333,OKC,3,Perry Jones,SF,6-11,235,"September 24, 1991",2,Baylor University,83,23,43,13,631,73,184,.397,14,60,.233,59,124,.476,.435,24,37,.649,6,70,76,18,17,8,24,50,184
334,OKC,34,Enes Kanter,C,6-11,262,"May 20, 1992",3,,83,22,26,26,809,196,346,.566,3,4,.750,193,342,.564,.571,90,116,.776,130,157,287,29,13,13,52,75,485
335,OKC,11,Jeremy Lamb,SG,6-5,180,"May 30, 1992",2,University of Connecticut,77,22,47,8,633,104,250,.416,38,111,.342,66,139,.475,.492,49,55,.891,8,99,107,44,21,6,27,52,295
336,OKC,33,Mitch McGary,PF,6-10,255,"June 6, 1992",R,University of Michigan,82,22,32,2,485,88,165,.533,0,2,.000,88,163,.540,.533,25,40,.625,53,112,165,14,16,16,31,72,201
337,OKC,2,Anthony Morrow,SG,6-5,210,"September 27, 1985",6,Georgia Institute of Technology,77,29,74,0,1806,285,615,.463,141,325,.434,144,290,.497,.578,79,89,.888,40,155,195,60,54,11,38,135,790
338,OKC,6,Steve Novak,PF,6-10,220,"June 13, 1983",8,Marquette University,82,31,13,0,88,6,21,.286,3,15,.200,3,6,.500,.357,0,0,,1,5,6,5,0,1,2,10,15
339,OKC,5,Kendrick Perkins,C,6-10,280,"November 10, 1984",11,,82,30,51,3,981,82,186,.441,0,1,.000,82,185,.443,.441,38,75,.507,80,199,279,43,14,38,74,135,202
340,OKC,21,Andre Roberson,SG,6-7,210,"December 4, 1991",1,University of Colorado,79,23,67,65,1286,92,201,.458,21,85,.247,71,116,.612,.510,23,48,.479,60,195,255,70,53,29,46,141,228
341,OKC,5,Kyle Singler,SF,6-8,230,"May 4, 1988",2,Duke University,80,26,26,18,456,32,96,.333,20,54,.370,12,42,.286,.438,11,16,.688,10,45,55,18,14,7,13,55,95
342,OKC,8,Ish Smith,PG,6-0,175,"July 5, 1988",4,Wake Forest University,72,26,30,0,155,15,45,.333,1,5,.200,14,40,.350,.344,6,9,.667,5,22,27,28,4,1,9,12,37
343,OKC,31,Sebastian Telfair,PG,6-0,165,"June 9, 1985",9,,72,29,16,1,327,46,125,.368,18,60,.300,28,65,.431,.440,24,34,.706,2,28,30,45,10,0,18,29,134
344,OKC,42,Lance Thomas,SF,6-8,225,"April 24, 1988",3,Duke University,80,26,22,13,450,45,126,.357,0,1,.000,45,125,.360,.357,23,33,.697,28,47,75,20,11,0,17,38,113
345,OKC,23,Dion Waiters,SG,6-4,210,"December 10, 1991",2,Syracuse University,76,23,47,20,1422,237,604,.392,51,160,.319,186,444,.419,.435,70,112,.625,29,106,135,89,46,11,63,96,595
346,OKC,0,Russell Westbrook,PG,6-3,187,"November 12, 1988",6,"University of California, Los Angeles",75,26,67,67,2302,627,1471,.426,86,288,.299,541,1183,.457,.455,546,654,.835,124,364,488,574,140,14,293,184,1886
347,CHO,8,Bismack Biyombo,C,6-9,245,"August 28, 1992",3,,81,22,64,21,1243,101,186,.543,0,0,,101,186,.543,.543,102,175,.583,159,248,407,16,18,99,52,140,304
348,CHO,30,Troy Daniels,SG,6-4,200,"July 15, 1991",1,Virginia Commonwealth University,76,23,11,0,135,27,59,.458,17,36,.472,10,23,.435,.602,6,7,.857,2,6,8,5,3,1,7,12,77
349,CHO,19,P.J. Hairston,SG,6-6,230,"December 24, 1992",R,University of North Carolina,78,22,45,2,687,87,269,.323,49,163,.301,38,106,.358,.414,31,36,.861,22,70,92,21,21,13,22,61,254
350,CHO,9,Gerald Henderson,SG,6-5,215,"December 9, 1987",5,Duke University,77,27,80,72,2315,370,847,.437,45,136,.331,325,711,.457,.463,184,217,.848,36,237,273,206,51,22,110,135,969
351,CHO,25,Al Jefferson,C,6-10,265,"January 4, 1985",10,,82,30,65,61,1992,486,1010,.481,2,5,.400,484,1005,.482,.482,108,165,.655,99,449,548,113,47,84,68,139,1082
352,CHO,14,Michael Kidd-Gilchrist,SF,6-7,232,"September 26, 1993",2,University of Kentucky,79,21,55,52,1587,224,482,.465,0,0,,224,482,.465,.465,150,214,.701,109,307,416,77,30,38,63,115,598
353,CHO,54,Jason Maxiell,PF,6-7,260,"February 18, 1983",9,University of Cincinnati,79,31,61,0,878,81,192,.422,0,0,,81,192,.422,.422,41,71,.577,86,117,203,19,18,44,29,96,203
354,CHO,12,Gary Neal,SG,6-4,210,"October 3, 1984",4,Towson University,76,30,43,0,931,143,398,.359,39,133,.293,104,265,.392,.408,88,102,.863,14,80,94,80,16,1,55,70,413
355,CHO,5,Jannero Pargo,PG,6-1,175,"October 22, 1979",10,University of Arkansas,73,35,9,0,73,15,35,.429,9,22,.409,6,13,.462,.557,2,2,1.000,0,3,3,8,0,0,3,8,41
356,CHO,22,Brian Roberts,PG,6-1,180,"December 3, 1985",2,University of Dayton,73,29,72,10,1330,176,452,.389,62,193,.321,114,259,.440,.458,66,74,.892,13,96,109,162,33,6,57,75,480
357,CHO,1,Lance Stephenson,SG,6-5,210,"September 5, 1990",4,University of Cincinnati,77,24,61,25,1573,207,550,.376,18,105,.171,189,445,.425,.393,69,110,.627,39,238,277,240,38,8,128,134,501
358,CHO,44,Jeffery Taylor,SF,6-7,225,"May 23, 1989",2,Vanderbilt University,79,25,29,13,430,45,114,.395,11,36,.306,34,78,.436,.443,26,41,.634,14,39,53,22,12,1,19,36,127
359,CHO,11,Noah Vonleh,PF,6-10,240,"August 24, 1995",R,Indiana University,82,19,25,0,259,30,76,.395,5,13,.385,25,63,.397,.428,18,26,.692,28,58,86,4,4,9,11,20,83
360,CHO,15,Kemba Walker,PG,6-1,172,"May 8, 1990",3,University of Connecticut,73,24,62,58,2119,378,981,.385,85,280,.304,293,701,.418,.429,234,283,.827,35,185,220,318,89,31,100,92,1075
361,CHO,2,Marvin Williams,PF,6-9,230,"June 19, 1986",9,University of North Carolina,81,28,78,37,2035,210,495,.424,95,265,.358,115,230,.500,.520,62,87,.713,58,328,386,100,69,36,60,146,577
362,CHO,7,Mo Williams,PG,6-1,185,"December 19, 1982",11,University of Alabama,73,32,27,14,831,161,413,.390,60,178,.337,101,235,.430,.462,83,93,.892,9,67,76,163,16,6,70,59,465
363,CHO,40,Cody Zeller,C,7-0,240,"October 5, 1992",1,Indiana University,84,22,62,45,1487,172,373,.461,1,1,1.000,171,372,.460,.462,127,164,.774,97,265,362,100,34,49,62,156,472
364,MIL,34,Giannis Antetokounmpo,SG,6-11,217,"December 6, 1994",1,,83,20,81,71,2541,383,780,.491,7,44,.159,376,736,.511,.496,257,347,.741,100,442,542,207,73,85,173,254,1030
365,MIL,19,Jerryd Bayless,PG,6-3,200,"August 20, 1988",6,University of Arizona,75,26,77,4,1717,220,516,.426,37,120,.308,183,396,.462,.462,121,137,.883,22,189,211,233,59,12,133,163,598
366,MIL,5,Michael Carter-Williams,PG,6-6,185,"October 10, 1991",1,Syracuse University,78,23,25,25,758,132,308,.429,4,28,.143,128,280,.457,.435,85,109,.780,21,78,99,140,51,12,79,64,353
367,MIL,9,Jared Dudley,SG,6-7,225,"July 10, 1985",7,Boston College,79,29,72,22,1717,198,423,.468,74,192,.385,124,231,.537,.556,48,67,.716,45,175,220,130,72,11,62,113,518
368,MIL,11,Tyler Ennis,PG,6-2,180,"August 24, 1994",R,Syracuse University,74,20,25,1,353,43,123,.350,10,37,.270,33,86,.384,.390,3,5,.600,6,22,28,59,18,3,34,33,99
369,MIL,13,Jorge Gutierrez,PG,6-3,191,"December 27, 1988",1,University of California,75,26,10,1,131,15,27,.556,0,2,.000,15,25,.600,.556,7,10,.700,5,13,18,15,5,0,9,16,37
370,MIL,31,John Henson,C,6-11,220,"December 28, 1990",2,University of North Carolina,83,24,67,11,1228,196,346,.566,0,0,,196,346,.566,.566,78,137,.569,124,188,312,59,28,135,87,152,470
371,MIL,7,Ersan Ilyasova,PF,6-9,235,"May 15, 1987",6,,81,27,58,36,1319,263,557,.472,74,190,.389,189,367,.515,.539,69,107,.645,80,197,277,56,36,19,45,149,669
372,MIL,23,Chris Johnson,SF,6-6,201,"April 29, 1990",2,University of Dayton,78,24,8,0,128,12,30,.400,5,18,.278,7,12,.583,.483,2,2,1.000,2,9,11,5,5,2,0,7,31
373,MIL,11,Brandon Knight,PG,6-3,189,"December 2, 1991",3,University of Kentucky,75,23,52,52,1688,324,745,.435,104,254,.409,220,491,.448,.505,171,194,.881,26,195,221,281,84,9,166,93,923
374,MIL,5,Kendall Marshall,PG,6-4,195,"August 19, 1991",2,University of North Carolina,76,23,28,3,417,46,101,.455,18,46,.391,28,55,.509,.545,8,9,.889,2,26,28,86,21,0,35,26,118
375,MIL,6,Kenyon Martin,PF,6-9,234,"December 30, 1977",14,University of Cincinnati,81,37,11,0,104,9,22,.409,0,0,,9,22,.409,.409,2,2,1.000,6,13,19,5,5,6,3,13,20
376,MIL,00,O.J. Mayo,SG,6-5,210,"November 5, 1987",6,University of Southern California,77,27,71,15,1697,296,701,.422,99,277,.357,197,424,.465,.493,115,139,.827,30,157,187,197,57,18,128,165,806
377,MIL,22,Khris Middleton,SF,6-7,215,"August 12, 1991",2,Texas A&M University,79,23,79,58,2378,406,869,.467,109,268,.407,297,601,.494,.530,134,156,.859,48,299,347,182,122,11,113,183,1055
378,MIL,3,Johnny O'Bryant,PF,6-9,256,"June 1, 1993",R,Louisiana State University,81,21,34,15,368,44,120,.367,0,0,,44,120,.367,.367,12,27,.444,26,38,64,17,5,4,25,44,100
379,MIL,27,Zaza Pachulia,C,6-11,240,"February 10, 1984",11,,83,30,73,45,1730,240,529,.454,0,3,.000,240,526,.456,.454,126,160,.788,197,303,500,178,80,21,133,170,606
380,MIL,12,Jabari Parker,SF,6-8,235,"March 15, 1995",R,Duke University,80,19,25,25,738,129,263,.490,4,16,.250,125,247,.506,.498,46,66,.697,50,88,138,42,31,5,47,42,308
381,MIL,21,Miles Plumlee,C,6-10,245,"September 1, 1988",2,Duke University,82,26,19,0,189,29,59,.492,0,0,,29,59,.492,.492,3,8,.375,17,29,46,7,6,11,6,12,61
382,MIL,8,Larry Sanders,C,6-11,235,"November 21, 1988",4,Virginia Commonwealth University,83,26,27,26,586,86,172,.500,0,0,,86,172,.500,.500,24,48,.500,67,99,166,23,26,39,28,104,196
383,MIL,6,Nate Wolters,PG,6-4,190,"May 15, 1991",1,South Dakota State University,76,23,11,0,142,12,31,.387,0,5,.000,12,26,.462,.387,1,4,.250,2,14,16,10,5,0,3,11,25
384,MEM,3,Jordan Adams,SG,6-5,220,"July 8, 1994",R,"University of California, Los Angeles",77,20,30,0,248,35,86,.407,10,25,.400,25,61,.410,.465,14,23,.609,9,19,28,16,16,7,14,24,94
385,MEM,9,Tony Allen,SG,6-4,213,"January 11, 1982",10,Oklahoma State University,76,33,63,41,1648,225,455,.495,10,29,.345,215,426,.505,.505,79,126,.627,103,177,280,86,129,30,86,166,539
386,MEM,12,Nick Calathes,SG,6-6,213,"February 7, 1989",1,University of Florida,78,25,58,0,838,104,247,.421,11,43,.256,93,204,.456,.443,24,45,.533,19,87,106,146,63,5,61,100,243
387,MEM,15,Vince Carter,SG,6-6,215,"January 26, 1977",16,University of North Carolina,78,38,66,1,1091,135,406,.333,69,232,.297,66,174,.379,.417,45,57,.789,27,106,133,79,43,14,43,102,384
388,MEM,11,Mike Conley,PG,6-1,180,"October 11, 1987",7,Ohio State University,73,27,70,70,2225,393,882,.446,107,277,.386,286,605,.473,.506,214,249,.859,29,180,209,375,89,14,156,139,1107
389,MEM,33,Marc Gasol,C,7-1,265,"January 29, 1985",6,,85,30,81,81,2687,530,1072,.494,3,17,.176,527,1055,.500,.496,350,440,.795,115,515,630,307,70,131,176,208,1413
390,MEM,0,JaMychal Green,PF,6-8,228,"June 21, 1990",R,University of Alabama,80,24,20,1,139,23,40,.575,0,4,.000,23,36,.639,.575,8,10,.800,16,23,39,4,5,3,12,19,54
391,MEM,32,Jeff Green,SF,6-9,235,"August 28, 1986",6,Georgetown University,81,28,45,37,1361,210,492,.427,50,138,.362,160,354,.452,.478,118,143,.825,43,144,187,81,26,21,52,81,588
392,MEM,41,Kosta Koufos,C,7-0,265,"February 24, 1989",6,Ohio State University,84,25,81,3,1348,182,358,.508,0,0,,182,358,.508,.508,55,85,.647,121,305,426,37,29,63,69,148,419
393,MEM,5,Courtney Lee,SG,6-5,200,"October 3, 1985",6,Western Kentucky University,77,29,77,74,2354,288,643,.448,90,224,.402,198,419,.473,.518,111,129,.860,21,157,178,151,75,12,78,129,777
394,MEM,30,Jon Leuer,PF,6-10,228,"May 14, 1989",3,University of Wisconsin,82,25,63,6,824,121,273,.443,7,29,.241,114,244,.467,.456,37,59,.627,50,157,207,46,17,9,35,86,286
395,MEM,27,Kalin Lucas,PG,6-1,195,"May 24, 1989",R,Michigan State University,73,25,1,0,6,0,1,.000,0,0,,0,1,.000,.000,0,0,,0,0,0,0,1,0,0,1,0
396,MEM,8,Quincy Pondexter,SG,6-6,225,"March 10, 1988",4,University of Washington,78,26,30,2,540,48,135,.356,17,73,.233,31,62,.500,.419,21,30,.700,20,37,57,28,5,5,10,47,134
397,MEM,21,Tayshaun Prince,SF,6-9,215,"February 28, 1980",12,University of Kentucky,81,34,26,9,628,75,183,.410,15,33,.455,60,150,.400,.451,25,30,.833,21,62,83,37,9,6,15,22,190
398,MEM,50,Zach Randolph,PF,6-9,253,"July 16, 1981",13,Michigan State University,81,33,71,71,2304,454,932,.487,7,20,.350,447,912,.490,.491,228,298,.765,225,522,747,153,69,14,156,175,1143
399,MEM,2,Russ Smith,PG,6-0,165,"April 19, 1991",R,University of Louisville,72,23,6,0,36,6,15,.400,1,5,.200,5,10,.500,.433,12,13,.923,1,2,3,6,3,0,5,7,25
400,MEM,1,Jarnell Stokes,PF,6-8,260,"January 7, 1994",R,University of Tennessee,80,21,19,2,126,21,37,.568,0,0,,21,37,.568,.568,15,28,.536,16,18,34,4,5,5,7,25,57
401,MEM,13,Tyrus Thomas,PF,6-9,215,"August 17, 1986",7,Louisiana State University,81,28,2,0,7,1,1,1.000,0,0,,1,1,1.000,1.000,2,2,1.000,0,0,0,1,0,0,0,0,4
402,MEM,19,Beno Udrih,PG,6-3,205,"July 5, 1982",10,,75,32,79,12,1494,246,505,.487,26,97,.268,220,408,.539,.513,87,102,.853,20,123,143,220,46,8,89,88,605
403,TOR,5,Bruno Caboclo,SF,6-9,205,"September 21, 1995",R,,81,19,8,0,23,4,12,.333,2,3,.667,2,9,.222,.417,0,0,,1,1,2,0,0,1,4,3,10
404,TOR,10,DeMar DeRozan,SG,6-7,220,"August 7, 1989",5,University of Southern California,79,25,60,60,2100,409,990,.413,25,88,.284,384,902,.426,.426,361,434,.832,41,236,277,210,73,11,137,122,1204
405,TOR,2,Landry Fields,SF,6-7,210,"June 27, 1988",4,Stanford University,79,26,26,9,216,20,41,.488,1,2,.500,19,39,.487,.500,5,6,.833,10,16,26,15,11,0,8,9,46
406,TOR,50,Tyler Hansbrough,PF,6-9,250,"November 3, 1985",5,University of North Carolina,81,29,74,8,1058,86,165,.521,1,7,.143,85,158,.538,.524,97,139,.698,106,159,265,21,30,15,20,141,270
407,TOR,44,Chuck Hayes,C,6-6,240,"June 11, 1983",9,University of Kentucky,78,31,29,0,255,22,46,.478,0,0,,22,46,.478,.478,6,11,.545,18,33,51,20,10,4,8,37,50
408,TOR,15,Amir Johnson,PF,6-9,210,"May 1, 1987",9,,81,27,75,72,1979,298,519,.574,19,46,.413,279,473,.590,.592,79,129,.612,159,297,456,117,44,59,110,225,694
409,TOR,3,James Johnson,PF,6-9,245,"February 20, 1987",5,Wake Forest University,81,27,70,17,1370,238,404,.589,11,51,.216,227,353,.643,.603,67,102,.657,61,196,257,95,54,70,79,155,554
410,TOR,7,Kyle Lowry,PG,6-0,175,"March 25, 1986",8,Villanova University,72,28,70,70,2414,430,1043,.412,132,391,.338,298,652,.457,.476,252,312,.808,54,274,328,473,109,13,173,212,1244
411,TOR,92,Lucas Nogueira,C,7-0,225,"July 26, 1992",R,,84,22,6,0,23,2,8,.250,0,0,,2,8,.250,.250,2,4,.500,2,9,11,1,2,0,2,6,6
412,TOR,54,Patrick Patterson,PF,6-9,235,"March 14, 1989",4,University of Kentucky,81,25,81,4,2156,240,535,.449,105,283,.371,135,252,.536,.547,63,80,.788,127,306,433,155,60,44,54,149,648
413,TOR,31,Terrence Ross,SF,6-7,195,"February 5, 1991",2,University of Washington,79,23,82,61,2092,309,753,.410,145,390,.372,164,363,.452,.507,44,56,.786,32,194,226,86,53,25,69,136,807
414,TOR,34,Greg Stiemsma,C,6-11,260,"September 26, 1985",3,University of Wisconsin,83,29,17,0,66,6,8,.750,0,0,,6,8,.750,.750,2,4,.500,9,6,15,3,2,0,7,15,14
415,TOR,17,Jonas Valanciunas,C,7-0,255,"May 6, 1992",2,,84,22,80,80,2096,373,652,.572,0,1,.000,373,651,.573,.572,217,276,.786,215,478,693,39,33,95,109,222,963
416,TOR,21,Greivis Vasquez,PG,6-6,200,"January 16, 1987",4,University of Maryland,78,28,82,29,1991,296,725,.408,133,351,.379,163,374,.436,.500,50,66,.758,22,194,216,302,46,10,119,177,775
417,TOR,23,Lou Williams,SG,6-2,175,"October 27, 1986",9,,74,28,80,0,2016,375,928,.404,152,447,.340,223,481,.464,.486,340,395,.861,24,127,151,164,88,10,101,103,1242
418,UTA,22,Jerrelle Benimon,PF,6-8,245,"August 1, 1991",R,Towson University,80,23,2,0,3,0,0,,0,0,,0,0,,,0,0,,1,2,3,0,0,0,1,0,0
419,UTA,33,Trevor Booker,PF,6-7,240,"November 25, 1987",4,Clemson University,79,27,79,5,1564,226,464,.487,29,84,.345,197,380,.518,.518,86,148,.581,139,258,397,83,43,41,88,144,567
420,UTA,3,Trey Burke,PG,6-1,185,"November 12, 1992",1,University of Michigan,73,22,76,43,2288,370,1005,.368,124,390,.318,246,615,.400,.430,109,145,.752,31,173,204,328,65,15,124,119,973
421,UTA,10,Alec Burks,SG,6-6,195,"July 20, 1991",3,University of Colorado,78,23,27,27,899,121,300,.403,26,68,.382,95,232,.409,.447,106,129,.822,19,95,114,82,17,5,52,64,374
422,UTA,19,Patrick Christopher,SG,6-5,209,"June 3, 1988",R,University of California,77,26,4,1,29,3,12,.250,0,4,.000,3,8,.375,.250,0,0,,2,4,6,0,1,0,1,6,6
423,UTA,21,Ian Clark,SG,6-3,175,"March 7, 1991",1,Belmont University,75,23,23,0,161,15,44,.341,9,25,.360,6,19,.316,.443,5,5,1.000,4,9,13,10,6,2,7,12,44
424,UTA,45,Jack Cooley,PF,6-9,246,"April 4, 1991",R,University of Notre Dame,81,23,16,0,87,9,22,.409,0,0,,9,22,.409,.409,9,21,.429,10,15,25,1,6,3,3,23,27
425,UTA,8,Bryce Cotton,PG,6-1,165,"August 11, 1992",R,Providence College,73,22,15,0,159,29,69,.420,7,20,.350,22,49,.449,.471,15,18,.833,3,15,18,15,4,0,12,6,80
426,UTA,40,Jeremy Evans,SF,6-9,196,"October 24, 1987",4,Western Kentucky University,81,27,38,0,266,32,58,.552,2,5,.400,30,53,.566,.569,24,29,.828,26,45,71,13,11,12,5,29,90
427,UTA,11,Dante Exum,PG,6-6,190,"July 13, 1995",R,,78,19,82,41,1817,145,416,.349,83,264,.314,62,152,.408,.448,20,32,.625,27,104,131,198,41,14,118,147,393
428,UTA,15,Derrick Favors,PF,6-10,246,"July 15, 1991",4,Georgia Institute of Technology,82,23,74,74,2280,482,918,.525,1,6,.167,481,912,.527,.526,222,332,.669,196,411,607,112,60,123,121,210,1187
429,UTA,27,Rudy Gobert,C,7-1,220,"June 26, 1992",1,,85,22,82,37,2158,258,427,.604,0,2,.000,258,425,.607,.604,170,273,.623,265,510,775,109,64,189,111,175,686
430,UTA,20,Gordon Hayward,SF,6-8,207,"March 23, 1990",4,Butler University,80,24,76,76,2618,484,1087,.445,120,330,.364,364,757,.481,.500,375,462,.812,54,319,373,313,108,30,206,131,1463
431,UTA,5,Rodney Hood,SG,6-8,215,"October 20, 1992",R,Duke University,80,22,50,21,1064,155,374,.414,62,170,.365,93,204,.456,.497,61,80,.763,9,108,117,83,30,12,45,119,433
432,UTA,2,Joe Ingles,SF,6-8,216,"October 2, 1987",R,,80,27,79,32,1673,147,354,.415,72,202,.356,75,152,.493,.517,30,40,.750,22,153,175,182,72,10,98,124,396
433,UTA,17,Grant Jerrett,PF,6-10,235,"July 8, 1993",R,University of Arizona,82,21,3,0,26,4,9,.444,0,2,.000,4,7,.571,.444,1,1,1.000,1,4,5,2,2,0,1,4,9
434,UTA,23,Chris Johnson,SF,6-6,201,"April 29, 1990",2,University of Dayton,78,24,12,0,211,31,64,.484,13,38,.342,18,26,.692,.586,6,6,1.000,3,15,18,7,12,0,6,18,81
435,UTA,0,Enes Kanter,C,6-11,262,"May 20, 1992",3,,83,22,49,48,1326,286,582,.491,13,41,.317,273,541,.505,.503,93,118,.788,147,237,384,26,23,16,93,114,678
436,UTA,13,Elijah Millsap,SG,6-6,215,"August 12, 1987",R,University of Alabama at Birmingham,78,27,47,5,924,81,238,.340,28,90,.311,53,148,.358,.399,58,86,.674,28,122,150,58,56,16,67,124,248
437,UTA,23,Toure' Murry,PG,6-5,195,"November 8, 1989",1,Wichita State University,77,25,1,0,1,0,1,.000,0,0,,0,1,.000,.000,0,0,,0,0,0,0,0,0,0,0,0
438,UTA,16,Steve Novak,SF,6-10,220,"June 13, 1983",8,Marquette University,82,31,22,0,109,16,35,.457,16,33,.485,0,2,.000,.686,0,2,.000,1,15,16,6,0,1,3,13,48
439,UTA,25,Elliot Williams,SG,6-5,180,"June 20, 1989",2,University of Memphis,77,25,5,0,42,6,13,.462,5,7,.714,1,6,.167,.654,1,2,.500,0,3,3,4,2,0,4,1,18
440,PHO,30,Earl Barron,C,7-0,245,"August 14, 1981",7,University of Memphis,84,33,16,1,143,12,39,.308,2,4,.500,10,35,.286,.333,6,12,.500,14,14,28,5,4,2,5,26,32
441,PHO,2,Eric Bledsoe,PG,6-1,190,"December 9, 1989",4,University of Kentucky,73,25,81,81,2800,468,1046,.447,88,272,.324,380,774,.491,.489,353,441,.800,72,351,423,493,127,45,274,189,1377
442,PHO,25,Reggie Bullock,SF,6-7,205,"March 16, 1991",1,University of North Carolina,79,23,11,0,75,1,16,.063,0,7,.000,1,9,.111,.063,2,4,.500,1,9,10,2,1,2,2,2,4
443,PHO,10,Seth Curry,PG,6-2,185,"August 23, 1990",1,Duke University,74,24,2,0,8,0,3,.000,0,1,.000,0,2,.000,.000,0,0,,0,2,2,1,0,0,0,2,0
444,PHO,1,Goran Dragic,SG,6-3,190,"May 6, 1986",6,,75,28,52,52,1735,340,679,.501,66,186,.355,274,493,.556,.549,97,130,.746,51,134,185,211,50,9,114,120,843
445,PHO,10,Zoran Dragic,SG,6-5,200,"June 22, 1989",R,,77,25,6,0,13,2,8,.250,0,5,.000,2,3,.667,.250,2,3,.667,2,1,3,1,0,0,0,1,6
446,PHO,4,Tyler Ennis,PG,6-2,180,"August 24, 1994",R,Syracuse University,74,20,8,0,58,9,21,.429,2,6,.333,7,15,.467,.476,2,2,1.000,1,6,7,14,0,2,8,3,22
447,PHO,20,Archie Goodwin,SG,6-5,198,"August 17, 1994",1,University of Kentucky,77,20,41,2,535,79,201,.393,12,41,.293,67,160,.419,.423,61,83,.735,27,47,74,44,18,9,48,55,231
448,PHO,14,Gerald Green,SG,6-8,200,"January 26, 1986",7,,80,29,74,4,1446,324,778,.416,137,387,.354,187,391,.478,.504,99,120,.825,33,153,186,91,42,12,104,145,884
449,PHO,3,Brandon Knight,SG,6-3,189,"December 2, 1991",3,University of Kentucky,75,23,11,9,347,51,143,.357,21,67,.313,30,76,.395,.430,24,29,.828,2,21,23,49,6,1,23,21,147
450,PHO,21,Alex Len,C,7-1,255,"June 16, 1993",1,University of Maryland,85,21,69,44,1518,179,353,.507,1,3,.333,178,350,.509,.508,73,104,.702,142,312,454,32,34,105,74,213,432
451,PHO,8,Jerel McNeal,PG,6-3,200,"June 1, 1987",R,Marquette University,75,27,6,0,36,3,11,.273,1,2,.500,2,9,.222,.318,2,2,1.000,0,3,3,2,3,1,5,5,9
452,PHO,15,Marcus Morris,PF,6-9,235,"September 2, 1989",3,University of Kansas,81,25,81,35,2045,331,763,.434,112,313,.358,219,450,.487,.507,71,113,.628,73,312,385,133,63,16,73,188,845
453,PHO,11,Markieff Morris,PF,6-10,245,"September 2, 1989",3,University of Kansas,82,25,82,82,2581,512,1100,.465,57,179,.318,455,921,.494,.491,177,232,.763,110,396,506,192,101,39,170,245,1258
454,PHO,22,Miles Plumlee,C,6-10,245,"September 1, 1988",2,Duke University,82,26,54,28,1005,107,195,.549,0,0,,107,195,.549,.549,19,38,.500,95,179,274,27,35,55,45,99,233
455,PHO,1,A.J. Price,PG,6-2,181,"October 7, 1986",5,University of Connecticut,74,28,5,0,44,3,14,.214,0,7,.000,3,7,.429,.214,0,0,,0,3,3,6,0,0,1,5,6
456,PHO,43,Shavlik Randolph,PF,6-10,240,"November 24, 1983",7,Duke University,82,31,16,0,101,6,25,.240,0,4,.000,6,21,.286,.240,5,10,.500,12,14,26,3,4,2,2,13,17
457,PHO,3,Isaiah Thomas,PG,5-9,185,"February 7, 1989",3,University of Washington,69,25,46,1,1181,218,512,.426,81,207,.391,137,305,.449,.505,184,211,.872,26,83,109,171,45,5,89,105,701
458,PHO,23,Marcus Thornton,SG,6-4,205,"June 5, 1987",5,Louisiana State University,76,27,9,0,81,13,40,.325,2,19,.105,11,21,.524,.350,4,5,.800,4,9,13,2,6,0,5,3,32
459,PHO,40,Anthony Tolliver,PF,6-8,240,"June 1, 1985",6,Creighton University,80,29,24,0,272,26,74,.351,24,62,.387,2,12,.167,.514,4,6,.667,6,38,44,10,4,1,11,20,80
460,PHO,17,P.J. Tucker,SF,6-5,225,"May 5, 1985",3,University of Texas at Austin,77,29,78,63,2383,261,596,.438,87,252,.345,174,344,.506,.511,104,143,.727,114,388,502,122,107,23,96,179,713
461,PHO,12,T.J. Warren,SF,6-8,215,"September 5, 1993",R,North Carolina State University,80,21,40,1,614,113,214,.528,5,21,.238,108,193,.560,.540,14,19,.737,41,44,85,25,18,9,27,51,245
462,PHO,32,Brandan Wright,PF,6-9,205,"October 5, 1987",6,University of North Carolina,81,27,40,7,858,120,207,.580,0,3,.000,120,204,.588,.580,40,60,.667,70,124,194,23,32,47,16,54,280
463,DEN,10,Arron Afflalo,SG,6-5,215,"October 15, 1985",7,"University of California, Los Angeles",77,29,53,53,1750,281,657,.428,82,243,.337,199,414,.481,.490,127,151,.841,21,159,180,101,32,5,83,108,771
464,DEN,00,Darrell Arthur,PF,6-9,225,"March 25, 1988",5,University of Kansas,81,26,58,4,988,155,384,.404,26,110,.236,129,274,.471,.438,46,59,.780,53,118,171,57,48,26,47,146,382
465,DEN,5,Will Barton,SG,6-6,174,"January 6, 1991",2,University of Memphis,78,24,28,0,683,112,253,.443,19,67,.284,93,186,.500,.480,64,79,.810,23,105,128,54,34,15,44,50,307
466,DEN,21,Wilson Chandler,SF,6-8,220,"May 10, 1987",7,DePaul University,80,27,78,75,2471,418,975,.429,139,406,.342,279,569,.490,.500,110,142,.775,96,379,475,134,58,29,110,231,1085
467,DEN,20,Ian Clark,SG,6-3,175,"March 7, 1991",1,Belmont University,75,23,7,0,31,4,11,.364,1,5,.200,3,6,.500,.409,4,4,1.000,0,3,3,2,3,1,2,8,13
468,DEN,35,Kenneth Faried,PF,6-8,228,"November 19, 1989",3,Morehead State University,80,25,75,71,2086,373,736,.507,1,8,.125,372,728,.511,.507,199,288,.691,242,426,668,89,62,57,118,211,946
469,DEN,4,Randy Foye,SG,6-4,210,"September 24, 1983",8,Villanova University,76,31,50,21,1087,148,402,.368,94,263,.357,54,139,.388,.485,45,55,.818,9,76,85,119,34,11,60,97,435
470,DEN,22,Jamaal Franklin,SG,6-5,191,"July 21, 1991",1,San Diego State University,77,23,3,0,13,1,2,.500,1,2,.500,0,0,,.750,0,0,,1,1,2,3,0,1,3,4,3
471,DEN,8,Danilo Gallinari,SF,6-10,225,"August 8, 1988",5,,82,26,59,27,1426,228,568,.401,107,301,.355,121,267,.453,.496,171,191,.895,31,187,218,83,47,20,57,94,734
472,DEN,1,Alonzo Gee,SF,6-6,220,"May 29, 1987",5,University of Alabama,78,27,39,0,511,66,137,.482,10,24,.417,56,113,.496,.518,48,65,.738,29,41,70,19,28,6,25,42,190
473,DEN,11,Erick Green,PG,6-3,185,"May 9, 1991",R,Virginia Polytechnic Institute and State University,75,23,43,1,410,61,162,.377,14,47,.298,47,115,.409,.420,10,12,.833,7,24,31,39,12,0,14,26,146
474,DEN,14,Gary Harris,SG,6-4,210,"September 14, 1994",R,Michigan State University,76,20,55,6,719,66,217,.304,21,103,.204,45,114,.395,.353,35,47,.745,21,43,64,29,39,7,38,71,188
475,DEN,7,J.J. Hickson,C,6-9,242,"September 4, 1988",6,North Carolina State University,81,26,73,8,1411,218,459,.475,0,2,.000,218,457,.477,.475,116,201,.577,150,302,452,57,36,35,96,136,552
476,DEN,77,Joffrey Lauvergne,C,6-11,240,"September 30, 1991",R,,83,23,24,1,268,36,89,.404,3,16,.188,33,73,.452,.421,18,28,.643,27,50,77,13,8,10,22,43,93
477,DEN,3,Ty Lawson,PG,5-11,195,"November 3, 1987",5,University of North Carolina,71,27,75,75,2665,404,926,.436,70,205,.341,334,721,.463,.474,265,363,.730,42,192,234,720,92,9,185,128,1143
478,DEN,34,JaVale McGee,C,7-0,237,"January 19, 1988",6,"University of Nevada, Reno",84,27,17,0,195,34,61,.557,0,0,,34,61,.557,.557,20,29,.690,14,34,48,1,2,19,13,28,88
479,DEN,25,Timofey Mozgov,C,7-1,250,"July 16, 1986",4,,85,28,35,35,897,117,232,.504,2,6,.333,115,226,.509,.509,63,86,.733,91,181,272,16,15,41,47,114,299
480,DEN,28,Jameer Nelson,PG,6-0,190,"February 9, 1982",10,Saint Joseph's University,72,32,34,5,702,135,300,.450,46,130,.354,89,170,.524,.527,11,19,.579,16,50,66,125,25,4,61,70,327
481,DEN,23,Jusuf Nurkic,C,6-11,280,"August 23, 1994",R,,83,20,62,27,1103,171,383,.446,0,2,.000,171,381,.449,.446,84,132,.636,125,257,382,50,52,68,86,207,426
482,DEN,5,Nate Robinson,PG,5-9,180,"May 31, 1984",9,University of Washington,69,30,33,1,465,71,204,.348,24,92,.261,47,112,.420,.407,26,40,.650,14,25,39,77,14,3,22,68,192
483,NOP,42,Alexis Ajinca,C,7-0,220,"May 6, 1988",4,,84,26,68,8,957,181,329,.550,0,0,,181,329,.550,.550,81,99,.818,104,211,315,47,21,51,69,151,443
484,NOP,33,Ryan Anderson,PF,6-10,240,"May 6, 1988",6,University of California,82,26,61,5,1675,291,729,.399,122,359,.340,169,370,.457,.483,129,151,.854,108,187,295,55,33,20,62,113,833
485,NOP,3,Omer Asik,C,7-0,255,"July 4, 1986",4,,84,28,76,76,1982,213,412,.517,0,0,,213,412,.517,.517,131,225,.582,244,504,748,72,29,54,95,144,557
486,NOP,8,Luke Babbitt,SF,6-9,225,"June 20, 1989",4,"University of Nevada, Reno",81,25,63,19,830,92,192,.479,59,115,.513,33,77,.429,.633,13,19,.684,12,99,111,24,17,11,26,63,256
487,NOP,30,Norris Cole,PG,6-2,170,"October 13, 1988",3,Cleveland State University,74,26,28,2,683,112,252,.444,28,74,.378,84,178,.472,.500,26,35,.743,1,50,51,90,15,7,41,49,278
488,NOP,0,Dante Cunningham,PF,6-8,230,"April 22, 1987",5,Villanova University,80,27,66,27,1652,155,339,.457,1,10,.100,154,329,.468,.459,29,47,.617,70,186,256,50,46,37,35,101,340
489,NOP,23,Anthony Davis,PF,6-10,220,"March 11, 1993",2,University of Kentucky,82,21,68,68,2455,642,1199,.535,1,12,.083,641,1187,.540,.536,371,461,.805,173,523,696,149,100,200,95,141,1656
490,NOP,16,Toney Douglas,PG,6-2,190,"March 16, 1986",5,Florida State University,74,28,12,0,177,19,51,.373,5,18,.278,14,33,.424,.422,8,13,.615,2,20,22,24,11,4,10,20,51
491,NOP,1,Tyreke Evans,SF,6-6,220,"September 19, 1989",5,University of Memphis,78,25,79,76,2690,521,1165,.447,69,227,.304,452,938,.482,.477,202,291,.694,82,334,416,521,100,37,246,198,1313
492,NOP,32,Jimmer Fredette,PG,6-2,195,"February 25, 1989",3,Brigham Young University,74,25,50,0,509,63,166,.380,9,48,.188,54,118,.458,.407,43,45,.956,8,32,40,58,15,2,33,43,178
493,NOP,10,Eric Gordon,SG,6-4,215,"December 25, 1988",6,Indiana University,76,26,61,60,2018,285,694,.411,141,315,.448,144,379,.380,.512,107,133,.805,28,131,159,229,50,14,122,145,818
494,NOP,11,Jrue Holiday,PG,6-4,205,"June 12, 1990",5,"University of California, Los Angeles",76,24,40,37,1303,238,534,.446,51,135,.378,187,399,.469,.493,65,76,.855,32,103,135,274,63,23,91,110,592
495,NOP,24,Gal Mekel,PG,6-3,191,"March 4, 1988",1,Wichita State University,75,26,4,0,43,3,20,.150,0,3,.000,3,17,.176,.150,0,0,,0,1,1,13,2,0,2,1,6
496,NOP,2,Darius Miller,SF,6-8,235,"March 21, 1990",2,University of Kentucky,80,24,5,1,43,1,7,.143,0,1,.000,1,6,.167,.143,0,0,,0,1,1,2,1,0,1,8,2
497,NOP,20,Quincy Pondexter,SF,6-6,225,"March 10, 1988",4,University of Washington,78,26,45,28,1253,140,312,.449,74,171,.433,66,141,.468,.567,50,66,.758,33,105,138,66,14,19,41,103,404
498,NOP,25,Austin Rivers,SG,6-4,200,"August 1, 1992",2,Duke University,76,22,35,3,772,86,222,.387,14,50,.280,72,172,.419,.419,53,71,.746,12,56,68,87,18,7,30,65,239
499,NOP,15,John Salmons,SF,6-7,210,"December 12, 1979",12,University of Miami,79,35,21,0,270,16,48,.333,8,26,.308,8,22,.364,.417,2,4,.500,4,17,21,13,9,4,5,25,42
500,NOP,9,Russ Smith,PG,6-0,165,"April 19, 1991",R,University of Louisville,72,23,6,0,29,2,10,.200,1,6,.167,1,4,.250,.250,0,0,,0,3,3,2,0,0,7,6,5
501,NOP,2,Elliot Williams,SG,6-5,180,"June 20, 1989",2,University of Memphis,77,25,8,0,77,8,24,.333,3,11,.273,5,13,.385,.396,0,2,.000,0,5,5,8,2,0,0,11,19
502,NOP,5,Jeff Withey,C,7-0,235,"March 7, 1990",1,University of Kansas,84,24,37,0,259,32,64,.500,0,0,,32,64,.500,.500,34,50,.680,23,41,64,11,4,18,12,26,98
503,NOP,4,Nate Wolters,PG,6-4,190,"May 15, 1991",1,South Dakota State University,76,23,10,0,105,8,26,.308,0,2,.000,8,24,.333,.308,1,2,.500,6,12,18,11,3,2,10,7,17
504,ATL,6,Pero Antic,PF,6-11,260,"July 29, 1982",1,,83,32,63,3,1037,108,296,.365,52,173,.301,56,123,.455,.453,88,123,.715,58,131,189,49,18,14,49,132,356
505,ATL,24,Kent Bazemore,SG,6-5,201,"July 1, 1989",2,Old Dominion University,77,25,75,10,1324,141,331,.426,48,132,.364,93,199,.467,.498,60,100,.600,21,201,222,78,52,33,73,127,390
506,ATL,7,Elton Brand,PF,6-8,275,"March 11, 1979",15,Duke University,80,35,36,4,486,42,95,.442,0,1,.000,42,94,.447,.442,12,23,.522,28,72,100,22,17,25,18,54,96
507,ATL,5,DeMarre Carroll,SF,6-8,212,"July 27, 1986",5,University of Missouri,80,28,70,69,2189,318,653,.487,120,304,.395,198,349,.567,.579,127,181,.702,99,273,372,118,94,17,75,154,883
508,ATL,3,Austin Daye,SF,6-11,200,"June 5, 1988",5,Gonzaga University,83,26,8,0,76,10,26,.385,5,14,.357,5,12,.417,.481,1,2,.500,4,10,14,8,4,2,5,9,26
509,ATL,15,Al Horford,C,6-10,245,"June 3, 1986",7,University of Florida,82,28,76,76,2318,519,965,.538,11,36,.306,508,929,.547,.544,107,141,.759,131,413,544,244,68,98,100,121,1156
510,ATL,12,John Jenkins,SG,6-4,215,"March 6, 1991",2,Vanderbilt University,76,23,24,3,297,49,99,.495,21,52,.404,28,47,.596,.601,16,19,.842,2,37,39,13,10,0,8,15,135
511,ATL,26,Kyle Korver,SG,6-7,210,"March 17, 1981",11,Creighton University,79,33,75,75,2418,292,600,.487,221,449,.492,71,151,.470,.671,106,118,.898,15,289,304,196,52,42,107,140,911
512,ATL,8,Shelvin Mack,PG,6-3,215,"April 22, 1990",3,Butler University,75,24,55,0,833,117,292,.401,40,127,.315,77,165,.467,.469,25,31,.806,8,71,79,155,30,2,49,32,299
513,ATL,4,Paul Millsap,PF,6-8,245,"February 10, 1985",8,Louisiana Tech University,80,29,73,73,2390,443,930,.476,77,216,.356,366,714,.513,.518,255,337,.757,139,431,570,223,130,69,166,201,1218
514,ATL,31,Mike Muscala,PF,6-11,239,"July 1, 1991",1,Bucknell University,83,23,40,8,502,83,151,.550,9,22,.409,74,129,.574,.579,22,25,.880,52,67,119,25,16,19,21,52,197
515,ATL,33,Adreian Payne,PF,6-10,245,"February 19, 1991",R,Michigan State University,82,23,3,0,19,2,7,.286,0,1,.000,2,6,.333,.286,1,2,.500,1,3,4,0,1,0,0,4,5
516,ATL,17,Dennis Schroder,PG,6-1,168,"September 15, 1993",1,,73,21,77,10,1516,284,665,.427,52,148,.351,232,517,.449,.466,148,179,.827,29,135,164,317,49,4,150,127,768
517,ATL,32,Mike Scott,PF,6-8,237,"July 16, 1988",2,University of Virginia,80,26,68,0,1123,201,453,.444,66,192,.344,135,261,.517,.517,61,77,.792,45,154,199,75,25,3,39,83,529
518,ATL,25,Thabo Sefolosha,SF,6-5,215,"May 2, 1984",8,,77,30,52,7,976,104,249,.418,25,78,.321,79,171,.462,.468,45,58,.776,53,170,223,75,53,21,38,67,278
519,ATL,0,Jeff Teague,PG,6-2,180,"June 10, 1988",5,Wake Forest University,74,26,73,72,2228,408,887,.460,71,207,.343,337,680,.496,.500,275,319,.862,30,154,184,513,125,31,205,139,1162
520,BRK,6,Alan Anderson,SG,6-6,220,"October 16, 1982",5,Michigan State University,78,32,74,19,1744,195,440,.443,73,210,.348,122,230,.530,.526,82,101,.812,31,173,204,83,56,5,60,148,545
521,BRK,44,Bojan Bogdanovic,SF,6-7,216,"April 18, 1989",R,,79,25,78,28,1854,261,576,.453,91,256,.355,170,320,.531,.532,87,106,.821,50,163,213,68,34,9,78,104,700
522,BRK,22,Markel Brown,SG,6-3,190,"January 29, 1992",R,Oklahoma State University,75,23,47,29,781,76,210,.362,17,64,.266,59,146,.404,.402,47,57,.825,16,91,107,39,31,12,27,57,216
523,BRK,55,Earl Clark,PF,6-10,225,"January 17, 1988",5,University of Louisville,82,27,10,0,93,11,30,.367,4,14,.286,7,16,.438,.433,1,4,.250,1,22,23,3,3,4,6,12,27
524,BRK,20,Brandon Davies,PF,6-10,240,"July 25, 1991",1,Brigham Young University,82,23,7,0,44,6,18,.333,1,4,.250,5,14,.357,.361,3,4,.750,3,7,10,2,1,3,4,5,16
525,BRK,2,Kevin Garnett,PF,6-11,220,"May 19, 1976",19,,83,38,42,42,854,125,275,.455,1,6,.167,124,269,.461,.456,34,41,.829,46,239,285,69,41,13,45,96,285
526,BRK,13,Jorge Gutierrez,PG,6-3,191,"December 27, 1988",1,University of California,75,26,10,0,44,7,14,.500,0,1,.000,7,13,.538,.500,2,3,.667,0,7,7,7,1,0,3,9,16
527,BRK,0,Jarrett Jack,PG,6-3,202,"October 28, 1983",9,Georgia Institute of Technology,75,31,80,27,2241,359,817,.439,39,146,.267,320,671,.477,.463,200,227,.881,19,226,245,373,75,13,191,143,957
528,BRK,21,Cory Jefferson,PF,6-9,218,"December 26, 1990",R,Baylor University,81,24,50,1,531,75,167,.449,2,15,.133,73,152,.480,.455,31,54,.574,47,98,145,16,10,21,20,61,183
529,BRK,7,Joe Johnson,SG,6-7,240,"June 29, 1981",13,University of Arkansas,79,33,80,80,2791,446,1025,.435,121,337,.359,325,688,.472,.494,141,176,.801,53,331,384,292,59,14,137,120,1154
530,BRK,9,Jerome Jordan,C,7-0,253,"September 29, 1986",1,University of Tulsa,84,28,44,0,383,50,94,.532,0,0,,50,94,.532,.532,38,44,.864,52,53,105,13,8,15,22,58,138
531,BRK,10,Sergey Karasev,SG,6-7,203,"October 26, 1993",1,,79,21,33,16,555,54,134,.403,16,54,.296,38,80,.475,.463,29,38,.763,22,44,66,46,23,1,24,45,153
532,BRK,47,Andrei Kirilenko,SF,6-9,220,"February 18, 1981",12,,81,33,7,0,36,0,5,.000,0,0,,0,5,.000,.000,3,4,.750,2,6,8,1,1,0,1,1,3
533,BRK,11,Brook Lopez,C,7-0,260,"April 1, 1988",6,Stanford University,84,26,72,44,2100,506,987,.513,1,10,.100,505,977,.517,.513,223,274,.814,214,321,535,50,43,126,104,206,1236
534,BRK,14,Darius Morris,PG,6-4,190,"January 3, 1991",3,University of Michigan,76,24,38,0,299,36,106,.340,7,33,.212,29,73,.397,.373,4,9,.444,7,20,27,48,9,0,21,20,83
535,BRK,1,Mason Plumlee,C,6-10,235,"March 5, 1990",1,Duke University,82,24,82,45,1743,280,489,.573,0,3,.000,280,486,.576,.573,157,317,.495,175,337,512,74,65,63,106,207,717
536,BRK,33,Mirza Teletovic,PF,6-8,235,"September 18, 1985",2,,80,29,40,4,892,122,319,.382,62,193,.321,60,126,.476,.480,33,46,.717,27,167,194,46,14,16,53,74,339
537,BRK,8,Deron Williams,PG,6-3,210,"June 26, 1984",9,University of Illinois at Urbana-Champaign,75,30,68,55,2114,298,771,.387,87,237,.367,211,534,.395,.443,201,241,.834,29,208,237,448,64,17,154,157,884
538,BRK,30,Thaddeus Young,PF,6-8,220,"June 21, 1988",7,Georgia Institute of Technology,80,26,28,20,829,162,327,.495,19,50,.380,143,277,.516,.524,43,71,.606,52,114,166,38,38,8,42,56,386
539,CLE,89,Lou Amundson,PF,6-9,225,"December 7, 1982",8,"University of Nevada, Las Vegas",81,32,12,0,79,4,12,.333,0,0,,4,12,.333,.333,3,5,.600,5,15,20,5,1,0,5,11,11
540,CLE,5,Will Cherry,PG,6-0,185,"February 8, 1991",R,University of Montana,72,23,8,0,69,5,19,.263,2,9,.222,3,10,.300,.316,3,6,.500,1,4,5,8,6,1,4,10,15
541,CLE,8,Matthew Dellavedova,SG,6-4,200,"September 8, 1990",1,Saint Mary's College of California,76,24,67,13,1380,111,307,.362,68,167,.407,43,140,.307,.472,29,38,.763,37,89,126,204,24,2,61,152,319
542,CLE,12,Joe Harris,SG,6-6,225,"September 7, 1991",R,University of Virginia,78,23,51,1,493,48,120,.400,31,84,.369,17,36,.472,.529,9,15,.600,7,34,41,26,7,2,27,62,136
543,CLE,33,Brendan Haywood,C,7-0,268,"November 27, 1979",12,University of North Carolina,84,35,22,1,119,14,30,.467,0,0,,14,30,.467,.467,7,13,.538,6,23,29,2,2,10,10,17,35
544,CLE,2,Kyrie Irving,PG,6-3,193,"March 23, 1992",3,Duke University,75,22,75,75,2730,578,1235,.468,157,378,.415,421,857,.491,.532,315,365,.863,55,182,237,389,114,20,186,146,1628
545,CLE,23,LeBron James,SF,6-8,240,"December 30, 1984",11,,80,30,69,69,2493,624,1279,.488,120,339,.354,504,940,.536,.535,375,528,.710,51,365,416,511,109,49,272,135,1743
546,CLE,1,James Jones,SF,6-8,225,"October 4, 1980",11,University of Miami,80,34,57,2,669,74,201,.368,63,175,.360,11,26,.423,.525,39,46,.848,9,53,62,24,13,8,13,67,250
547,CLE,53,Alex Kirk,C,7-0,245,"November 14, 1991",R,University of New Mexico,84,23,5,0,14,1,4,.250,0,0,,1,4,.250,.250,2,2,1.000,1,0,1,1,0,0,0,1,4
548,CLE,0,Kevin Love,PF,6-10,260,"September 7, 1988",6,"University of California, Los Angeles",82,26,75,75,2532,413,952,.434,144,392,.367,269,560,.480,.509,258,321,.804,142,589,731,168,51,39,122,140,1228
549,CLE,31,Shawn Marion,SF,6-7,220,"May 7, 1978",15,"University of Nevada, Las Vegas",79,36,57,24,1101,119,267,.446,12,46,.261,107,221,.484,.468,26,34,.765,64,138,202,51,27,27,33,58,276
550,CLE,18,Mike Miller,SF,6-8,218,"February 19, 1980",14,University of Florida,80,34,52,15,701,37,114,.325,32,98,.327,5,16,.313,.465,3,4,.750,4,87,91,46,14,4,23,74,109
551,CLE,20,Timofey Mozgov,C,7-1,250,"July 16, 1986",4,,85,28,46,45,1148,197,334,.590,0,0,,197,334,.590,.590,92,130,.708,112,207,319,39,18,56,69,113,486
552,CLE,3,Kendrick Perkins,C,6-10,280,"November 10, 1984",11,,82,30,17,0,167,20,41,.488,0,0,,20,41,.488,.488,4,8,.500,11,30,41,8,2,4,21,27,44
553,CLE,21,A.J. Price,PG,6-2,181,"October 7, 1986",5,University of Connecticut,74,28,11,0,87,9,34,.265,0,11,.000,9,23,.391,.265,4,6,.667,4,11,15,13,3,0,3,1,22
554,CLE,4,Iman Shumpert,SG,6-5,212,"June 26, 1990",3,Georgia Institute of Technology,77,24,38,1,920,105,256,.410,44,130,.338,61,126,.484,.496,18,27,.667,33,110,143,57,51,13,49,71,272
555,CLE,5,J.R. Smith,SG,6-6,220,"September 9, 1985",10,,78,29,46,45,1461,214,504,.425,131,336,.390,83,168,.494,.555,27,33,.818,26,134,160,114,64,18,52,119,586
556,CLE,13,Tristan Thompson,PF,6-9,238,"March 13, 1991",3,University of Texas at Austin,81,23,82,15,2194,267,488,.547,0,0,,267,488,.547,.547,159,248,.641,274,383,657,39,34,61,83,189,693
557,CLE,17,Anderson Varejao,C,6-10,230,"September 28, 1982",10,,82,32,26,26,636,111,200,.555,0,2,.000,111,198,.561,.555,33,45,.733,57,113,170,35,19,16,35,58,255
558,CLE,3,Dion Waiters,SG,6-4,210,"December 10, 1991",2,Syracuse University,76,23,33,3,786,138,342,.404,22,86,.256,116,256,.453,.436,47,60,.783,12,45,57,74,44,10,50,59,345
559,IND,5,Lavoy Allen,PF,6-9,225,"February 4, 1989",3,Temple University,81,25,63,0,1070,141,299,.472,0,0,,141,299,.472,.472,33,47,.702,123,200,323,73,15,42,40,102,315
560,IND,22,Chris Copeland,SF,6-9,235,"March 17, 1984",2,University of Colorado,81,30,50,12,828,112,310,.361,52,167,.311,60,143,.420,.445,33,45,.733,23,88,111,51,11,11,59,78,309
561,IND,13,Paul George,SF,6-9,220,"May 2, 1990",4,"California State University, Fresno",81,24,6,0,91,18,49,.367,9,22,.409,9,27,.333,.459,8,11,.727,4,18,22,6,5,1,12,11,53
562,IND,55,Roy Hibbert,C,7-2,278,"December 11, 1986",6,Georgetown University,86,28,76,76,1926,317,710,.446,0,2,.000,317,708,.448,.446,168,204,.824,156,384,540,84,18,125,107,216,802
563,IND,3,George Hill,PG,6-2,180,"May 4, 1986",6,Indiana University-Purdue University Indianapolis,74,28,43,36,1267,255,535,.477,69,193,.358,186,342,.544,.541,113,143,.790,25,154,179,220,44,14,69,111,692
564,IND,44,Solomon Hill,SF,6-7,220,"March 18, 1991",1,University of Arizona,79,23,82,78,2381,251,634,.396,68,208,.327,183,426,.430,.450,159,193,.824,70,244,314,184,66,18,115,177,729
565,IND,28,Ian Mahinmi,C,6-11,230,"November 5, 1986",6,,83,28,61,6,1146,117,212,.552,0,0,,117,212,.552,.552,31,102,.304,105,251,356,33,30,46,59,172,265
566,IND,0,C.J. Miles,SG,6-6,210,"April 18, 1987",9,,78,27,70,40,1841,329,827,.398,154,446,.345,175,381,.459,.491,130,161,.807,18,196,214,75,60,26,73,132,942
567,IND,12,A.J. Price,PG,6-2,181,"October 7, 1986",5,University of Connecticut,74,28,10,0,193,39,89,.438,15,39,.385,24,50,.480,.522,12,18,.667,2,12,14,27,4,0,10,9,105
568,IND,9,Damjan Rudez,SF,6-10,200,"June 17, 1986",R,,82,28,68,2,1047,119,263,.452,69,170,.406,50,93,.538,.584,16,23,.696,8,39,47,53,16,5,47,79,323
569,IND,4,Luis Scola,PF,6-9,245,"April 30, 1980",7,,81,34,81,16,1659,300,642,.467,5,20,.250,295,622,.474,.471,158,226,.699,138,388,526,105,47,18,94,192,763
570,IND,15,Donald Sloan,PG,6-3,205,"January 15, 1988",3,Texas A&M University,75,27,53,21,1107,145,355,.408,41,131,.313,104,224,.464,.466,60,77,.779,12,131,143,190,23,0,65,47,391
571,IND,2,Rodney Stuckey,PG,6-5,205,"April 21, 1986",7,Eastern Washington University,77,28,71,36,1874,332,754,.440,55,141,.390,277,613,.452,.477,177,216,.819,36,212,248,219,56,10,118,131,896
572,IND,32,C.J. Watson,PG,6-2,180,"April 17, 1984",7,University of Tennessee,74,30,57,21,1422,181,417,.434,70,175,.400,111,242,.459,.518,138,167,.826,18,145,163,208,57,9,100,107,570
573,IND,21,David West,PF,6-9,240,"August 29, 1980",11,Xavier University,81,34,66,66,1895,323,686,.471,4,20,.200,319,666,.479,.474,119,161,.739,108,341,449,223,48,48,120,160,769
574,IND,42,Shayne Whittington,PF,6-11,237,"March 27, 1991",R,Western Michigan University,83,23,20,0,108,19,42,.452,1,6,.167,18,36,.500,.464,18,23,.783,10,19,29,6,5,2,5,18,57
